cellid,phase,order_within_phase,order
SCG0088_CTATGAGGTACCGGAT-1,G1,0,0
SCG0088_GCTAAGCGTATTGGTG-1,G1,0,0
SCG0089_TCCATTGTCTGTAAGC-1,G1,0,0
SCG0092_GTTTATCTCATGCTAA-1,G1,0,0
SCG0092_AACCGCTCAGCTCATA-1,G1,0,0
SCG0089_TTGCATTTCACTCAAA-1,G1,0,0
SCG0092_ATTCCGGAGGGACCTC-1,G1,0,0
SCG0093_GCCTTAGAGCCGCTAA-1,G1,0,0
SCG0088_TTAATCGAGGAGCACG-1,G1,0,0
SCG0093_ATTCGTTTCCGCTAGA-1,G1,0,0
SCG0093_GTTCATTTCCTAAATG-1,G1,0,0
SCG0093_ACGAGTAAGGTGTTAC-1,G1,0,0
SCG0093_TGCGATTAGCCGCAAC-1,G1,0,0
SCG0090_CGAGGTGAGTCCTGAG-1,G1,0,0
SCG0091_GCTTCGCGTTCGCTTG-1,G1,0,0
SCG0088_ACCCAACCAGTTATCG-1,G1,0,0
SCG0089_AGTTGCGTCATGCCTC-1,G1,0,0
SCG0092_TGCTTGCTCTCCATGC-1,G1,0,0
SCG0088_CCGTTTGGTCATCATC-1,G1,0,0
SCG0092_GCAGCAACAGCATGAG-1,G1,0,0
SCG0092_ACTCACTGTGTTTCAC-1,G1,0,0
SCG0090_TCGTTATTCTTAGCCC-1,G1,0,0
SCG0092_GCGCGATTCTACTAAG-1,G1,0,0
SCG0091_CAATATGTCAGGTCCA-1,G1,0,0
SCG0088_TCCCTCACAGCTCATA-1,G1,0,0
SCG0089_TACCAGGTCTTAGGGT-1,G1,0,0
SCG0091_ACTTAGTCATAGCAGG-1,G1,0,0
SCG0091_TAGCCGGGTCATGCCC-1,G1,0,0
SCG0092_ATATAGGCATCTTGAG-1,G1,0,0
SCG0090_GGAACAATCTTGATGA-1,G1,0,0
SCG0090_GAAGTGATCGACCTGA-1,G1,0,0
SCG0092_GGTAATTGTCAGGCAT-1,G1,0,0
SCG0090_GAGGTTAAGTGATTCA-1,G1,1,1
SCG0088_AGGAAACGTGCATTTC-1,G1,1,1
SCG0090_CGTTAGTAGACTTACA-1,G1,1,1
SCG0088_TACCTTTAGGCGCTAC-1,G1,1,1
SCG0090_CTGGTTTGTACGTTTC-1,G1,1,1
SCG0092_GAACCTTAGGAGTCTT-1,G1,1,1
SCG0088_TACAGCTAGGAGGTTA-1,G1,1,1
SCG0093_CAAGGTTTCTTGCTAT-1,G1,1,1
SCG0089_CCTTACTCATTGCAGC-1,G1,1,1
SCG0089_GAAGTATAGTGAACGA-1,G1,1,1
SCG0091_TGCTTCATCGCACAAT-1,G1,1,1
SCG0092_GTTAGACTCCCATAGG-1,G1,1,1
SCG0092_GCTGGATGTCTAACCT-1,G1,1,1
SCG0092_GGCTTAAGTGTCCAAA-1,G1,1,1
SCG0088_GAACACAAGGGCTTTG-1,G1,1,1
SCG0093_TGAAACTGTTGGGTTA-1,G1,1,1
SCG0089_CTTCAGGAGTCACGAT-1,G1,1,1
SCG0090_AACCTCCTCAATGTCA-1,G1,1,1
SCG0093_TTCGGTACACACCAAC-1,G1,1,1
SCG0093_AGGATATAGCTATGAC-1,G1,1,1
SCG0091_AACATTGTCTTGGACG-1,G1,1,1
SCG0090_CAGAACCGTAATAGCT-1,G1,1,1
SCG0091_TAAGGACCAATAGTCT-1,G1,1,1
SCG0091_ATTACCCGTGAGGTGA-1,G1,1,1
SCG0088_CGTTAACAGTACCGCA-1,G1,2,2
SCG0093_GATCGCTCATGAATAG-1,G1,2,2
SCG0088_TTTAACCTCAGCCAAT-1,G1,2,2
SCG0093_GTTTCAGCATTGTGGC-1,G1,2,2
SCG0091_AGGTTGCGTGGGAACA-1,G1,2,2
SCG0089_AAGCTCCCAATCGCAC-1,G1,2,2
SCG0093_ACCTTGCTCTTAATGG-1,G1,2,2
SCG0091_TTGCACACACGGTACT-1,G1,2,2
SCG0091_TCCCGGACACCTGTAA-1,G1,2,2
SCG0088_GCCTGTGCAATTTGGT-1,G1,2,2
SCG0091_GGTAAACCAGGTCCTG-1,G1,2,2
SCG0091_TTTAACGAGCCACAAT-1,G1,2,2
SCG0089_GATTAGTGTTCACCAT-1,G1,2,2
SCG0091_CCAAATCAGCACGTTG-1,G1,2,2
SCG0090_GGTTACCCAATTAAGG-1,G1,2,2
SCG0090_CATGCGGGTGCACGCA-1,G1,2,2
SCG0092_GCGCGATTCAATACGC-1,G1,2,2
SCG0090_GCTGTGATCTTGCTAT-1,G1,2,2
SCG0093_CAGCTATAGGTTACGT-1,G1,2,2
SCG0089_AACTGTTCACCTAAGC-1,G1,2,2
SCG0091_CGACTAAGTGGGTACT-1,G1,2,2
SCG0088_TACAGGTTCCCTCAGT-1,G1,2,2
SCG0092_GTAGGCGAGCGAGCGA-1,G1,2,2
SCG0092_TATGCATCATTATGCG-1,G1,2,2
SCG0089_CCGTTGCGTTGAGGTC-1,G1,2,2
SCG0091_CCCTTAATCGCTTGCT-1,G1,2,2
SCG0093_GAAGTGATCGTTAGTA-1,G1,2,2
SCG0088_TATAGGTGTCCCGGAA-1,G1,2,2
SCG0092_CAAACACTCCTTAGGG-1,G1,3,3
SCG0089_ATTTGCAAGAATGACG-1,G1,3,3
SCG0092_GCCAGGAAGGTCGATT-1,G1,3,3
SCG0088_GGACGGATCCTACCTA-1,G1,3,3
SCG0089_CTTAAGATCTCATCAT-1,G1,3,3
SCG0089_TGCTAACAGTTACCGG-1,G1,3,3
SCG0089_ACATCATCATGGTTAT-1,G1,3,3
SCG0088_GTGAGGAGTGGACCTG-1,G1,3,3
SCG0093_GATTACGGTACCAGGT-1,G1,3,3
SCG0091_ACCAGGACATCATGGC-1,G1,3,3
SCG0093_TCTAGCACAACCTGGT-1,G1,3,3
SCG0090_CTCCCTGAGTGAGCGG-1,G1,3,3
SCG0088_ACGACTTAGGTCTTGG-1,G1,3,3
SCG0091_TGATGAACAGCAAGAT-1,G1,3,3
SCG0089_TGGTCATAGCATGCAT-1,G1,3,3
SCG0088_AACAGCAAGACAGGCG-1,G1,4,4
SCG0092_TTAGACTCAACCCTCC-1,G1,4,4
SCG0093_GTGAACAAGGGCTTTG-1,G1,4,4
SCG0091_TACCCGGCATAACGGG-1,G1,4,4
SCG0092_CTTCGCGTCATAAGCC-1,G1,4,4
SCG0093_AGCACAGCATGGCCCA-1,G1,4,4
SCG0093_GACAATACAGGGAGCT-1,G1,4,4
SCG0093_CTCCTAATCCCTGTTA-1,G1,4,4
SCG0093_AAACGGATCATGCATA-1,G1,4,4
SCG0088_AAAGGACGTTAACGGC-1,G1,4,4
SCG0091_AGGATGTCAGACAAAC-1,G1,4,4
SCG0088_GCCTTAACACAGAACG-1,G1,4,4
SCG0093_CGTTGCAAGCTATTGA-1,G1,4,4
SCG0091_TATTAGGTCCGTTAAA-1,G1,4,4
SCG0088_AGGATTGAGCGGATTT-1,G1,4,4
SCG0091_GACCTCAAGGTGCTGC-1,G1,4,4
SCG0093_ACGATTCAGGATTGAG-1,G1,4,4
SCG0093_TCTATGTTCTAATTGG-1,G1,4,4
SCG0089_GAACCAAAGCACTTGG-1,G1,4,4
SCG0092_GTAGGTGCACAGCCAT-1,G1,4,4
SCG0092_TAGGAACCATGTCAGC-1,G1,4,4
SCG0093_CGTAGCGGTCCTTCAG-1,G1,4,4
SCG0088_TTAGGAACACGTAATT-1,G1,5,5
SCG0088_GCTAAGAAGGCTAAGA-1,G1,5,5
SCG0092_AGCTTGGTCGATTTGA-1,G1,5,5
SCG0089_CGTGCTGCACCAGCAT-1,G1,5,5
SCG0093_TACAGCTAGGAACCGG-1,G1,5,5
SCG0092_GAACCTTAGTGATTCA-1,G1,5,5
SCG0092_GCGATTAGTATGGTGC-1,G1,5,5
SCG0093_AGAGAAGCAAACGCGA-1,G1,5,5
SCG0090_TGCTTCATCCGCTAGA-1,G1,5,5
SCG0089_GGTGATTTCATTGTTC-1,G1,5,5
SCG0093_GACGCAACACCTAAGC-1,G1,6,6
SCG0092_GAACGAATCAAGCGCC-1,G1,6,6
SCG0088_TTACACCGTTTCCTCC-1,G1,6,6
SCG0092_GCTAAGAAGTGTTGCG-1,G1,6,6
SCG0092_TTAGCTGCAACTCGCG-1,G1,6,6
SCG0092_CGCTTAACAGTCTATG-1,G1,6,6
SCG0089_GGAGGTTAGGGCTTTG-1,G1,6,6
SCG0088_GGCTGTCAGGTTTGCG-1,G1,6,6
SCG0089_TCTTCAAGTAGTTAAC-1,G1,6,6
SCG0090_AGGTAACCATTGTTGG-1,G1,6,6
SCG0092_AATTGGGAGGGATTAG-1,G1,6,6
SCG0091_CTGTTGGAGCTTCCCG-1,G1,6,6
SCG0092_CGCGATTCACATAGCC-1,G1,6,6
SCG0092_TAATGGTGTTCGCGCT-1,G1,6,6
SCG0088_GTTGGCCAGTTCCTGC-1,G1,6,6
SCG0088_GCTTGACCAAACCTAT-1,G1,6,6
SCG0088_TCCAGGTCAGCTAATT-1,G1,6,6
SCG0089_CCATAATCACATAACT-1,G1,6,6
SCG0092_GGGCATGAGTTAACCA-1,G1,6,6
SCG0092_TGACCTTGTGATTTGG-1,G1,6,6
SCG0088_AAGCGAATCCTGATGG-1,G1,6,6
SCG0091_TGCTTCATCTCATCAT-1,G1,6,6
SCG0090_TGAGGAGGTGCTCACC-1,G1,7,7
SCG0089_GATTGATGTTTGCAGA-1,G1,7,7
SCG0088_TTGCTTTAGGAGGGTT-1,G1,7,7
SCG0092_GAGGTACAGGAGCAAC-1,G1,7,7
SCG0089_TGCTTTAGTATTGGAT-1,G1,7,7
SCG0090_TGTGATCAGGTTAGCT-1,G1,7,7
SCG0092_GTCCATTGTGTCCAGG-1,G1,7,7
SCG0088_GTATTGATCACCAATA-1,G1,7,7
SCG0090_ACAACAGAGCCACATG-1,G1,7,7
SCG0088_TGAAACTGTTGAAGCC-1,G1,7,7
SCG0089_TTTCATCAGTCAATCA-1,G1,7,7
SCG0093_CTACCTCAGCTATGAC-1,G1,7,7
SCG0088_CCTGTATGTCAACAAT-1,G1,7,7
SCG0093_AAGGTGCAGCCAGTAT-1,G1,7,7
SCG0089_GTATTGATCCCTGTTA-1,G1,7,7
SCG0093_CGAAGTAAGTTATGTG-1,G1,7,7
SCG0090_CTGGTCAAGACTTATG-1,G1,7,7
SCG0088_TGTTACTTCTCACATT-1,G1,7,7
SCG0090_CGGTGAGAGATGGAGC-1,G1,8,8
SCG0088_AGGTCTTAGGGCCATC-1,G1,8,8
SCG0093_CCCTGGACATTTAAGC-1,G1,8,8
SCG0089_GATCGATTCGCATTAA-1,G1,8,8
SCG0088_GCTGAGGAGGATCACT-1,G1,8,8
SCG0093_CAATGTGGTGTTTCAC-1,G1,8,8
SCG0088_ACTTGTCGTAATGACT-1,G1,8,8
SCG0093_TTTGCGGAGGATGATG-1,G1,8,8
SCG0092_AACAAAGGTGCGCGTA-1,G1,8,8
SCG0090_GGCAAATCATAATTGC-1,G1,8,8
SCG0089_TCGCATTGTCAATGTG-1,G1,8,8
SCG0088_ACTTATCTCGGTCAGC-1,G1,8,8
SCG0093_AATTGCTCATGGCCCA-1,G1,8,8
SCG0093_ATCTATGAGTATCGCG-1,G1,8,8
SCG0089_GCTCTGTTCTATCGCC-1,G1,8,8
SCG0089_AACCTCACATTATGAC-1,G1,8,8
SCG0089_CCGCTTAGTAACAGGG-1,G1,8,8
SCG0092_CTTGAACAGCGAGCGA-1,G1,8,8
SCG0093_TTGTCCATCACAGGAA-1,G1,9,9
SCG0088_CGCATATAGGGCTTAT-1,G1,9,9
SCG0088_CTTGCGCGTTAAGCGC-1,G1,9,9
SCG0093_GGTGCTGGTTTCAGGA-1,G1,9,9
SCG0090_AGGTTAACAATAGCCC-1,G1,9,9
SCG0092_GCTTAGTAGCACTAGT-1,G1,9,9
SCG0089_CAATCCTGTCCAAGAC-1,G1,9,9
SCG0090_GGGTTACGTGTTAAAC-1,G1,9,9
SCG0090_ATGGCTTAGCTTTGGG-1,G1,9,9
SCG0093_CCTGAATAGTTCCCGT-1,G1,9,9
SCG0088_TCTAACCGTTCAAGAT-1,G1,9,9
SCG0093_AGTCAGGCACTCAACA-1,G1,9,9
SCG0089_AGCCGGTTCTAAATCG-1,G1,9,9
SCG0092_TGAGGGAGTGTTGTAG-1,G1,10,10
SCG0089_CTCATTGTCCCTGATC-1,G1,10,10
SCG0089_GTGAGCGAGGAAGTAT-1,G1,10,10
SCG0092_TTGAGGCGTACTGATG-1,G1,10,10
SCG0093_AATCAGGAGTTGGGCC-1,G1,10,10
SCG0092_CCACACAAGACTAAGG-1,G1,10,10
SCG0092_AATCAGGAGGAACCGG-1,G1,10,10
SCG0093_TGGTGCATCAAGTGTC-1,G1,10,10
SCG0090_TCGGTTTGTCTCACTG-1,G1,10,10
SCG0091_GGAGCAAGTGTTGTGA-1,G1,10,10
SCG0089_GGTTTCCTCCTCCTAA-1,G1,10,10
SCG0090_TTTGTTGGTGAAACAA-1,G1,10,10
SCG0090_CTTCTCAAGGTCGATT-1,G1,10,10
SCG0088_ATGTGAGAGCTGGACC-1,G1,10,10
SCG0093_CATTGCGAGTCAGTAC-1,G1,10,10
SCG0088_AGGCTAAAGTCATTAG-1,G1,10,10
SCG0092_CTTAATGAGCTGGCTA-1,G1,10,10
SCG0088_GTTGCCCGTGAAACAA-1,G1,10,10
SCG0088_GCGGTTATCACAGGAA-1,G1,10,10
SCG0092_AGTATAGCAGGCGAGT-1,G1,10,10
SCG0089_CACTAGCCATTCCTCG-1,G1,10,10
SCG0093_TGCCGGTAGTATCGCG-1,G1,10,10
SCG0089_GGTAGGAGTTAGCATG-1,G1,11,11
SCG0089_AGGTTACTCAAGCCTG-1,G1,11,11
SCG0088_TCAGGAGCAAGGGTTG-1,G1,11,11
SCG0090_CTAAAGCTCTGTGAGT-1,G1,11,11
SCG0089_CATTCCTCACGAATTT-1,G1,11,11
SCG0093_ACCATTAAGCACCACA-1,G1,11,11
SCG0089_CCTAAGTAGGTCGAGG-1,G1,11,11
SCG0088_AAGTGAAGTGTTTGTC-1,G1,11,11
SCG0092_TGGACCGGTTAGGTTG-1,G1,11,11
SCG0091_TTAAGGTGTACTTAGG-1,G1,11,11
SCG0089_GTCAATATCTCAATGA-1,G1,11,11
SCG0089_GTGATCAGTCTAACAG-1,G1,11,11
SCG0088_AATACCGGTTACAAAC-1,G1,11,11
SCG0091_TGCTTGCTCCCATAGG-1,G1,11,11
SCG0093_CGAGCTGGTGCTAGCG-1,G1,11,11
SCG0088_AGGGTTGCATCGCTTT-1,G1,11,11
SCG0088_ACCAGGACATGATTGT-1,G1,11,11
SCG0093_CTATTCAGTCCTAACT-1,G1,11,11
SCG0088_TACTCAAAGTTCCCAC-1,G1,11,11
SCG0092_GTTCTCATCGCACACA-1,G1,12,12
SCG0091_CTGCTCCCATTAGCCA-1,G1,12,12
SCG0088_TACAGCTAGAGGGACT-1,G1,12,12
SCG0089_AGCTAACTCTTTGTAC-1,G1,12,12
SCG0088_CCTGGTAAGTTAGACC-1,G1,12,12
SCG0091_TTCAGCACACTATGGC-1,G1,12,12
SCG0091_CAGCCAATCATGCTCC-1,G1,12,12
SCG0088_GGAGTGAGTGAACAAA-1,G1,12,12
SCG0092_TGTAACTCACCTAAGC-1,G1,12,12
SCG0088_TGGATTCAGGTGAAAT-1,G1,12,12
SCG0091_AAGGATCCACACCAAC-1,G1,12,12
SCG0089_ACCAGGCTCCGGTTGA-1,G1,12,12
SCG0088_ACCGAAGCACAGGATG-1,G1,12,12
SCG0089_AGTTGCGTCTAGCGAT-1,G1,12,12
SCG0093_CCTTGCGTCGAGCAAA-1,G1,12,12
SCG0093_TTGTTGTTCATCCTCA-1,G1,12,12
SCG0091_ACCACACCAGGAACAT-1,G1,12,12
SCG0089_TTTCCGGGTCGCGCAA-1,G1,12,12
SCG0089_TACTCGCTCTAACCTT-1,G1,12,12
SCG0091_TAGCCGGGTTCCGCAC-1,G1,12,12
SCG0089_TATTGACCATAGACCC-1,G1,12,12
SCG0088_CATTGCGAGCATGTTA-1,G1,12,12
SCG0089_CTCTCACAGGAACCAA-1,G1,13,13
SCG0089_GGTATTGGTTGAGCCG-1,G1,13,13
SCG0088_ACGTCCTTCTGTGCCT-1,G1,13,13
SCG0093_AGACACGCAGCACCAT-1,G1,13,13
SCG0093_TTTCCGGGTTAGGCTA-1,G1,13,13
SCG0090_GAGGACTAGTTAGTTG-1,G1,13,13
SCG0093_TCTTGACGTTCAAGAT-1,G1,13,13
SCG0089_CGATCCTTCGATTTGA-1,G1,13,13
SCG0089_GTTCCCAGTCTTGCAT-1,G1,13,13
SCG0091_CTTCAGGAGGTTAGAG-1,G1,13,13
SCG0092_TTTAGGATCATTTGCT-1,G1,13,13
SCG0088_TACAATGTCCATCAGG-1,G1,13,13
SCG0093_CGAAGGCCAACAACAA-1,G1,13,13
SCG0091_TACTTCGTCCGGCTAA-1,G1,13,13
SCG0088_TTTCTTGCATGTCAGC-1,G1,13,13
SCG0091_GATGAGGGTTGGGTTA-1,G1,13,13
SCG0089_TTGAGCTAGCGGGCAA-1,G1,13,13
SCG0093_ATTGCAGGTGTTTGTC-1,G1,13,13
SCG0088_AGTAACGAGAACAAGT-1,G1,13,13
SCG0093_CATTCATTCACTAGGT-1,G1,13,13
SCG0089_TGTTGTAAGCCTCTCG-1,G1,13,13
SCG0089_TGGACAAAGAGGAGGA-1,G1,13,13
SCG0092_TTCAGGTAGTGTTGTA-1,G1,13,13
SCG0088_CAGGTTTAGTTAGACC-1,G1,13,13
SCG0093_GGTTGCATCGATTCTT-1,G1,13,13
SCG0093_GTTTATCTCCATCAGG-1,G1,13,13
SCG0092_GTTTGTTTCGGTTAGT-1,G1,14,14
SCG0092_TCCGGTTTCGGCTATG-1,G1,14,14
SCG0090_TTAGGAACAGTTTACG-1,G1,14,14
SCG0088_CATAGTCAGCATCCAG-1,G1,14,14
SCG0092_GGCTAGTGTGGTTAGC-1,G1,14,14
SCG0088_GGTCATTAGCGGATTT-1,G1,14,14
SCG0088_GCCTACTTCCTCACAC-1,G1,14,14
SCG0091_GGTAACCGTTATCGAG-1,G1,14,14
SCG0091_TTTCTCACATAGGCGA-1,G1,14,14
SCG0091_CTCATTTAGGAACGGT-1,G1,14,14
SCG0092_AACTAGCTCGAGCAAA-1,G1,14,14
SCG0090_CATCACACAAGCGATG-1,G1,14,14
SCG0093_CATAACGGTTTGCTGT-1,G1,14,14
SCG0088_TGCTATGCACTGACCG-1,G1,14,14
SCG0093_GATCAGGCAGCTAATT-1,G1,14,14
SCG0092_ATCAAGACAGGCAAGC-1,G1,14,14
SCG0089_CTCCTGAGTAATCGCA-1,G1,14,14
SCG0091_ATTTGCAAGACTAAGG-1,G1,14,14
SCG0090_CCAGCTAAGTGACCTG-1,G1,14,14
SCG0089_CAGGGCTTCTTGGATA-1,G1,14,14
SCG0091_TACAAGCTCTATTGTC-1,G1,14,14
SCG0088_GATTCATCAATAGCCC-1,G1,14,14
SCG0089_TCGGTAAGTGTTAAAC-1,G1,15,15
SCG0090_CCCAATTGTCACAGAC-1,G1,15,15
SCG0088_TAATCACCACCAAAGG-1,G1,15,15
SCG0088_CAGGTGGAGTGAGCAA-1,G1,15,15
SCG0093_TCCTTTACAACCTGGT-1,G1,15,15
SCG0092_GGCTAGACAGTGAACG-1,G1,15,15
SCG0092_AACGACAAGCTTTGGG-1,G1,15,15
SCG0088_CCCAGCACAATAGCAA-1,G1,15,15
SCG0090_GGAGCATAGTAGCCAT-1,G1,15,15
SCG0088_ACATTAGTCGCTCACT-1,G1,15,15
SCG0089_GCTCGATCAATTAGCT-1,G1,15,15
SCG0090_ACACTAGGTAATCGTG-1,G1,15,15
SCG0093_CTCCGGACAGGCAAGC-1,G1,15,15
SCG0088_CAGCAAGCAAGGCCAA-1,G1,15,15
SCG0093_GGATGGCCATCCAGGT-1,G1,16,16
SCG0091_CGGATTAGTAGCCTCC-1,G1,16,16
SCG0088_GTTGCTGAGCTTACTT-1,G1,16,16
SCG0092_GTTGCTGAGTTGCGTG-1,G1,16,16
SCG0093_CCTGGTAAGGCGGGTA-1,G1,16,16
SCG0093_AATCAGGAGCTCCTAC-1,G1,16,16
SCG0093_ATCAAGACACCTAAGC-1,G1,16,16
SCG0091_AGCCTAAGTGCTCCGT-1,G1,16,16
SCG0088_ACGTCAAGTGACCTGG-1,G1,16,16
SCG0091_GTTCCTGGTGTTGCAA-1,G1,16,16
SCG0091_TGGTAAACAGGACACA-1,G1,16,16
SCG0093_AAGCCTGTCGAGGAGT-1,G1,16,16
SCG0091_GAGATAAGTCACCTAT-1,G1,16,16
SCG0093_AATTTCCTCAAGTGTC-1,G1,16,16
SCG0091_GCTAATATCGAGGAGT-1,G1,16,16
SCG0088_TTTGAGTCACCTATAG-1,G1,16,16
SCG0092_GGAGTCTGTAACCTAG-1,G1,16,16
SCG0089_AGGTCATTCGGTACGC-1,G1,16,16
SCG0093_GCGATTTAGGCGCTAC-1,G1,16,16
SCG0090_TAGGCTTAGTTATGGC-1,G1,16,16
SCG0089_CAACCCTTCTTTGACT-1,G1,16,16
SCG0092_GTTTAGCAGGTTAGAG-1,G1,16,16
SCG0091_ATGTTGTCAATTGAGA-1,G1,16,16
SCG0089_CAGAACCGTTACTTGC-1,G1,17,17
SCG0088_CATTGTGCAAGTAAGC-1,G1,17,17
SCG0089_TGCATCCTCACTTCAT-1,G1,17,17
SCG0092_ATAGCATGTCATCATC-1,G1,17,17
SCG0088_TGGCTTTGTGGTTAGC-1,G1,17,17
SCG0089_AAGACAAGTCATGCCC-1,G1,17,17
SCG0089_ATGGCTTAGACTATTG-1,G1,17,17
SCG0092_CCGCAAGGTCCGTGAG-1,G1,17,17
SCG0092_TCGCGCACATCTAGCA-1,G1,17,17
SCG0093_CTATTCAGTCCTTCAG-1,G1,17,17
SCG0092_ATGGCCGGTGAACAAA-1,G1,17,17
SCG0091_CATAGGTTCCTGAGTG-1,G1,18,18
SCG0089_GGTGTTGTCGGTTTGG-1,G1,18,18
SCG0091_TTGACGTAGTCAATTG-1,G1,18,18
SCG0089_TAGTTGTCAGGGAGCT-1,G1,18,18
SCG0091_TGCCATTGTAACTACG-1,G1,18,18
SCG0092_GTTTGTAAGGGCTTAT-1,G1,18,18
SCG0091_CTGGTAAGTCATGCCC-1,G1,18,18
SCG0089_TCCATAAAGGCGCTAC-1,G1,18,18
SCG0091_CTATTGAAGCTTTGGG-1,G1,18,18
SCG0090_TGGCCAATCATGCATA-1,G1,18,18
SCG0089_AAGCCACGTAGTTAAC-1,G1,18,18
SCG0092_CTCTTGATCCTCACTA-1,G1,18,18
SCG0092_GGTTAATGTCCTAAGA-1,G1,18,18
SCG0088_TCAGCCTTCATCCTAT-1,G1,18,18
SCG0091_GCAGGAAGTTTGGGTA-1,G1,18,18
SCG0088_CCGCAAATCTATGACA-1,G1,18,18
SCG0089_GCAGCTATCATCACTT-1,G1,18,18
SCG0093_GCGGAACCAAGTGTTT-1,G1,18,18
SCG0089_TTGGAGGCAGCTAATT-1,G1,18,18
SCG0093_GTCTTTGTCCGGCTAA-1,G1,18,18
SCG0092_TCACATAAGGCCAATT-1,G1,19,19
SCG0088_ACGCTTGAGGCGGGTA-1,G1,19,19
SCG0093_ATTTGCAAGCATGGTT-1,G1,19,19
SCG0088_GGAGTCTGTGCTAGCG-1,G1,19,19
SCG0088_CAGCTAAGTTGGTTAG-1,G1,19,19
SCG0093_TGGACTAGTCCTAAGA-1,G1,19,19
SCG0092_AGCAACAAGTTAGACC-1,G1,19,19
SCG0089_AAGCAAGTCCTTCTAG-1,G1,19,19
SCG0089_CAAATCATCAATTGGC-1,G1,19,19
SCG0089_CCGTGCTGTAACTACG-1,G1,19,19
SCG0093_AGCTATATCTTGTCCA-1,G1,19,19
SCG0091_TTTATGGAGTGAACCT-1,G1,19,19
SCG0090_GTAGCGCTCGATTTGA-1,G1,19,19
SCG0091_TGCATTAAGCCGCAAC-1,S,0,21
SCG0093_GCCCAAATCAGAAACG-1,S,0,21
SCG0091_TGGTCAGTCCGTCCAT-1,S,0,21
SCG0088_AACTAGCTCCAGGTTG-1,S,0,21
SCG0093_TGTAACTCAGTAGGTG-1,S,0,21
SCG0092_CAGCATTAGTCATCCC-1,S,0,21
SCG0091_CCTTTAGTCTATTGTC-1,S,0,21
SCG0093_TCAGTGAGTTGTGATG-1,S,0,21
SCG0088_CAATCGCCATAACGGG-1,S,0,21
SCG0093_TCTTAGCGTAAAGCGG-1,S,0,21
SCG0093_CTTCTCAAGCAAGGGT-1,S,0,21
SCG0091_AGGCAATCAATACTGT-1,S,0,21
SCG0089_TTCCTCAAGCTGTACG-1,S,0,21
SCG0088_GGGAATATCGATTTAG-1,S,1,22
SCG0088_ACAGGTAAGCTGTAAC-1,S,1,22
SCG0089_AATCCATCAATAGTCT-1,S,1,22
SCG0088_CTATGAGGTAGTTGGC-1,S,1,22
SCG0093_GGCGGTAAGAGGAGTC-1,S,1,22
SCG0093_GGTCCATCACAACAAA-1,S,1,22
SCG0089_GTTGTGAGTGGCTTCC-1,S,1,22
SCG0089_GAGAGGCGTGGGTGAA-1,S,1,22
SCG0093_TGACTCCTCACAGCCA-1,S,1,22
SCG0089_GTCTAGCCATGATTGT-1,S,1,22
SCG0089_AAACGTACATACCCGG-1,S,1,22
SCG0093_CCTTGTTCAGTTGCGT-1,S,1,22
SCG0090_AAGGATGTCCCAGTAG-1,S,1,22
SCG0090_TTATAGCCAAAGGCCA-1,S,1,22
SCG0092_GTATCGCCATGTTGGC-1,S,1,22
SCG0092_CGTGTGTCAACTAGCC-1,S,1,22
SCG0092_ACCCAACCACTAAGAA-1,S,2,23
SCG0093_TAGCTTGCAGTAAAGC-1,S,2,23
SCG0089_ATATGGTGTCTCAGCC-1,S,2,23
SCG0089_TTAAAGGCAGCAAGGC-1,S,2,23
SCG0090_CCGCACACAAGCGAGC-1,S,2,23
SCG0090_TTTCGTCCAGCCTAAC-1,S,2,23
SCG0090_CCAGCTAAGGGACTAA-1,S,2,23
SCG0089_GTAGGAGGTAATCGCA-1,S,2,23
SCG0088_GCTTTACGTTTGCTGT-1,S,2,23
SCG0091_TAAGCCAGTTACGCGG-1,S,2,23
SCG0088_GTCATCCTCCGGTTGA-1,S,2,23
SCG0090_TCCATATTCTCCATGC-1,S,2,23
SCG0089_ACACTTAAGCTATGAC-1,S,2,23
SCG0092_CCCAACCGTGTTGCTT-1,S,2,23
SCG0089_CCTGAATAGAGGAGTC-1,S,2,23
SCG0088_GGAACTAAGATTGAGG-1,S,2,23
SCG0091_TGGCTTTGTAGTTGGC-1,S,2,23
SCG0088_AAGCTAGAGGAGCATA-1,S,2,23
SCG0090_TTGGAGGCAGGCGATA-1,S,2,23
SCG0093_ACACTAGGTAGTAAGA-1,S,3,24
SCG0091_CGTCCTAGTTGGTGAC-1,S,3,24
SCG0092_CCTTGTTCAAGGTGGC-1,S,3,24
SCG0091_GTTTGTTTCTTGCTAT-1,S,3,24
SCG0090_TATGTGATCGGGATTT-1,S,3,24
SCG0093_GTCTATGCATAATGTC-1,S,3,24
SCG0091_ATGGTTATCCTCACTA-1,S,3,24
SCG0088_GTCTTTGTCGCCTGTT-1,S,3,24
SCG0093_GGCGATACAACAGGAT-1,S,3,24
SCG0089_GTTCTTAGTAGCCTCC-1,S,3,24
SCG0089_GTCTAGCCACATAGCC-1,S,3,24
SCG0093_ATAAGTCGTAGTTAAC-1,S,3,24
SCG0088_CATTATCTCCAGGGAG-1,S,3,24
SCG0090_TGTTGTGCATTAGGCC-1,S,3,24
SCG0090_CATAGACTCATAGACC-1,S,3,24
SCG0090_GCGATATTCATGTTTC-1,S,3,24
SCG0092_ACTTAGGGTAATCGCA-1,S,3,24
SCG0089_ACCCGGTAGAATCTCA-1,S,3,24
SCG0088_CTCGCTCCAGGATTAA-1,S,3,24
SCG0090_GCATGAGCAGGCTTCG-1,S,4,25
SCG0092_AGACACGCACAAAGAC-1,S,4,25
SCG0090_AAGCCTTAGTAGCTTA-1,S,4,25
SCG0092_AAGCGAGGTCCAAGAC-1,S,4,25
SCG0091_CAAAGCGCAATTAAGG-1,S,4,25
SCG0091_CCTCAATGTTGTTGGA-1,S,4,25
SCG0092_TTGCAATCAAGTAAGC-1,S,4,25
SCG0093_CCATCACTCATGCTCC-1,S,4,25
SCG0091_GTTACTAAGGTGTTAC-1,S,4,25
SCG0088_AAGCCTTAGAGGAGGA-1,S,4,25
SCG0089_CGCCTGTGTATTGTCC-1,S,4,25
SCG0093_CGGAGTCTCTAGCTTT-1,S,4,25
SCG0089_ATTTGCAAGTTCCTCA-1,S,4,25
SCG0090_TAGTAAGCACCAGGTT-1,S,4,25
SCG0090_ATTAGTCCAATCCCTT-1,S,4,25
SCG0092_CCTATTTAGCCAGTAT-1,S,4,25
SCG0093_AGTGTTTCACATAGCC-1,S,4,25
SCG0092_CAGAACCGTTAGCCAA-1,S,4,25
SCG0090_TGATCACAGTCATGCG-1,S,4,25
SCG0092_CCTGTAACAGTCTAAT-1,S,4,25
SCG0089_CCACACAAGGGACCTC-1,S,4,25
SCG0089_CGGTTTGAGCGGGCAA-1,S,4,25
SCG0092_TTGTTGTTCATTACGA-1,S,4,25
SCG0092_GTTACTCGTAAATTGC-1,S,5,26
SCG0093_GGTAAGGGTCCTCCAA-1,S,5,26
SCG0092_TCATAACCAGCAAGTG-1,S,5,26
SCG0090_TACTTCGTCTGTTGCC-1,S,5,26
SCG0088_CGTGACATCCGCCAAA-1,S,5,26
SCG0093_GAGCGAAGTAACAGGG-1,S,5,26
SCG0092_AGAGATTAGTAAGTGG-1,S,5,26
SCG0092_TCGGTTCTCTTAGTCT-1,S,5,26
SCG0090_GTCGAGGAGGGTGAAC-1,S,5,26
SCG0092_AAACCGAAGAACCTAC-1,S,5,26
SCG0088_GCTCGATCAATGAGGT-1,S,5,26
SCG0089_TCATGCCTCCCGTTAC-1,S,5,26
SCG0092_TGATTAGTCCACCCTG-1,S,5,26
SCG0088_ATATGCATCATTGACA-1,S,5,26
SCG0092_GTGCGCAGTGGGTGAA-1,S,5,26
SCG0092_TCGTTATTCATTGACA-1,S,5,26
SCG0089_CCCAATTGTAGGATTT-1,S,5,26
SCG0092_GAACCAGCATTAAGCT-1,S,5,26
SCG0090_GAAGGCTAGCAGCTCA-1,S,5,26
SCG0089_TCCCGTTAGTAGGATG-1,S,5,26
SCG0092_CGGTGAACAAAGGCCA-1,S,5,26
SCG0090_CTACCTCAGCCGCAAC-1,S,5,26
SCG0089_GTGTGCGGTGCCGCAA-1,S,5,26
SCG0092_ACGTCAAGTACTGATG-1,S,5,26
SCG0092_TCTCAATTCATTACTC-1,S,5,26
SCG0089_GCGTTTCTCCGCCTCA-1,S,5,26
SCG0088_GAGCGATAGAATCTCA-1,S,5,26
SCG0092_GCTATAGGTGTTGCTT-1,S,6,27
SCG0091_CAGCTCAAGCTTACTT-1,S,6,27
SCG0093_CTTGTTCCATCAGTAT-1,S,6,27
SCG0089_TTGCAATCAGGCTAGA-1,S,6,27
SCG0091_GGTTGGTGTGAGCAAG-1,S,6,27
SCG0093_CCTACTTCAACTAACT-1,S,6,27
SCG0088_TGATGACTCTGCAACG-1,S,6,27
SCG0091_AGTTATGTCATTGCAA-1,S,6,27
SCG0093_GAGAACCAGCTCCTTA-1,S,6,27
SCG0088_GCAGGTGAGAGCAAGC-1,S,6,27
SCG0088_ATCCTTAGTAGTTGGC-1,S,6,27
SCG0093_ACGGGAAGTTCCTGTG-1,S,6,27
SCG0088_TGCCGGTAGTTGCGTG-1,S,6,27
SCG0093_GATAATCGTAGCAGCT-1,S,6,27
SCG0093_TCTAAGGGTTCACTGT-1,S,6,27
SCG0089_ATAGCATGTCATGCAA-1,S,6,27
SCG0090_AATGAAGGTTGCATCT-1,S,6,27
SCG0091_ACAGGAATCGCCTAAG-1,S,6,27
SCG0088_CAAAGTGAGGTAAGCA-1,S,6,27
SCG0091_GGTAACTTCATGGTTA-1,S,6,27
SCG0090_TTTCCTGAGCGGTTAT-1,S,6,27
SCG0092_CTTTCTTGTTCCGGCT-1,S,6,27
SCG0088_TTGTCCATCCTTGAGG-1,S,6,27
SCG0089_TTTGTCCCAGGAATCG-1,S,6,27
SCG0089_GTCGGTTCAAGGTACG-1,S,6,27
SCG0088_TTAGGATGTTTGAGGC-1,S,6,27
SCG0088_ACAGGCTGTGTTGTAG-1,S,6,27
SCG0088_GTAGCGCTCATTAGGC-1,S,6,27
SCG0090_TCTCGCCCACCTAAGC-1,S,6,27
SCG0092_CTCAATAAGGACCTGC-1,S,6,27
SCG0088_ATGACTCAGCTCAAAC-1,S,6,27
SCG0093_CATAAGCTCCTAGTAA-1,S,7,28
SCG0093_GTACTAATCTACTAAG-1,S,7,28
SCG0090_CCGCTAGCAGTTAGCC-1,S,7,28
SCG0093_TGACTTAAGAGAGCCG-1,S,7,28
SCG0091_TATGAAGCAACAACAA-1,S,7,28
SCG0091_GGTAGGAGTTAGGCGT-1,S,7,28
SCG0092_ACAGTATGTAGTAAGA-1,S,7,28
SCG0088_TCGTTAGCACAAAGGT-1,S,7,28
SCG0093_ACCCGGTAGAGGGACT-1,S,7,28
SCG0093_TCCTTAGTCTTGTTCG-1,S,7,28
SCG0088_CATCCCAGTACCGAAC-1,S,7,28
SCG0088_CAGGGTGAGAACCTAC-1,S,7,28
SCG0092_CTACCTCAGTAGCCAT-1,S,7,28
SCG0093_CCCGCAACAATGCCTA-1,S,7,28
SCG0093_ACCGGTTCACGTGCTG-1,S,7,28
SCG0092_GCTAAGAAGCATTTCT-1,S,7,28
SCG0093_ACATCAATCTGGCATG-1,S,7,28
SCG0089_GGTGTCCAGTGTTGCG-1,S,7,28
SCG0088_CTCCGTCCAACCCTAA-1,S,7,28
SCG0090_GAGAAACGTGCATCGG-1,S,7,28
SCG0088_GCCAGGTTCATCACTT-1,S,7,28
SCG0092_AATAGCTGTGGAAGGC-1,S,7,28
SCG0092_GGGCCTAGTCATTACC-1,S,7,28
SCG0089_GATTCCTGTGCTGTAA-1,S,7,28
SCG0090_ATGGCCGGTTGCACGG-1,S,7,28
SCG0091_AGGTGAGGTCATTGTC-1,S,7,28
SCG0090_TGGCTAAGTCAAGTGC-1,S,7,28
SCG0092_ATTCAACCATGAATCT-1,S,7,28
SCG0092_GTGGCTTCAGCTAACC-1,S,7,28
SCG0088_AGTAAACAGGCTCATG-1,S,7,28
SCG0088_CGTGAGGAGTGTTGCG-1,S,7,28
SCG0089_AGCAACAAGAGGAGGA-1,S,7,28
SCG0091_GGTTGCATCATTACGA-1,S,7,28
SCG0088_GTTGGCGGTCACCTAT-1,S,7,28
SCG0092_TGCCTGTTCCGGTTGA-1,S,7,28
SCG0090_CGCCTGTGTCAGTAAT-1,S,7,28
SCG0089_AGCTCATAGCGAGTAA-1,S,7,28
SCG0092_ATTACTGAGCCTGTTC-1,S,7,28
SCG0093_AGTAATCGTTGCATCT-1,S,7,28
SCG0093_TTTGTGAAGTACCGCA-1,S,7,28
SCG0088_ACCTTCATCCTTGCGT-1,S,7,28
SCG0088_GCGATTTAGTCAATTG-1,S,7,28
SCG0089_ACTAACGGTTAGTACG-1,S,7,28
SCG0091_TTAGCAGGTTGTTGGA-1,S,7,28
SCG0092_TAGCAGGCAAACGGGC-1,S,7,28
SCG0091_AATAACCGTAATCGTG-1,S,7,28
SCG0088_GCTGCATCAACTAGAA-1,S,7,28
SCG0090_CGTCAATAGCCTAACG-1,S,7,28
SCG0090_GCTGAGGAGCGCAATT-1,S,7,28
SCG0092_ACATCATCATGACTAT-1,S,8,29
SCG0092_CATCCTGGTTAGCGTA-1,S,8,29
SCG0091_GTGCTTCTCACAGGAA-1,S,8,29
SCG0093_GACTATTCAATTAGCT-1,S,8,29
SCG0091_GAGTCAAAGTTATCCT-1,S,8,29
SCG0089_GTACACCCAGCCAGAA-1,S,8,29
SCG0090_AGTACGCGTGTTTGAG-1,S,8,29
SCG0091_CGAGCTGGTCAAAGGG-1,S,8,29
SCG0092_CGTAGCGGTGATGAGG-1,S,8,29
SCG0090_TGTCCTGGTAACGGGA-1,S,8,29
SCG0090_TCGCATTGTTTCAGGA-1,S,8,29
SCG0093_CGGTTATAGCTTAACA-1,S,8,29
SCG0088_AAATCCGGTGACATAT-1,S,8,29
SCG0090_GGCAAATCATGCATAT-1,S,8,29
SCG0089_GGATGGCCATAAGCAA-1,S,8,29
SCG0092_TCGCGCACAGGTTAAA-1,S,8,29
SCG0091_AACAAAGGTGTTGTAG-1,S,8,29
SCG0093_CATCATAAGGTAGCTT-1,S,8,29
SCG0093_TTTAGCAAGTAACTCA-1,S,8,29
SCG0090_TCTCACCAGTAACCCG-1,S,8,29
SCG0090_CTGGTAAGTTAGAGGG-1,S,8,29
SCG0093_AACCTCACATCCGTAA-1,S,8,29
SCG0090_ATGGCCGGTAATAGCT-1,S,8,29
SCG0091_ACCTCACTCAGGCTAT-1,S,8,29
SCG0093_ATATGCATCGATCAGT-1,S,8,29
SCG0093_CGGACCTAGTGATTCA-1,S,8,29
SCG0089_TATGAAGCAAGGAATC-1,S,8,29
SCG0093_GCCTTACTCAAACCGT-1,S,8,29
SCG0092_CAATGAACATTAAGCT-1,S,8,29
SCG0088_GTCGAGGAGTTAGCTA-1,S,8,29
SCG0090_ACCTTGTGTGTTGTAG-1,S,8,29
SCG0088_ATGACGAAGTTTGCGG-1,S,8,29
SCG0089_ATTAGCTCACTAGGTC-1,S,8,29
SCG0092_GAGGCCTTCAGCAAAG-1,S,8,29
SCG0088_AACATCATCAGGTTTA-1,S,8,29
SCG0091_CCAAGTTAGCCTGTTC-1,S,8,29
SCG0090_GATTGTTCATCCTAGA-1,S,8,29
SCG0088_TGTGCGGGTAATCGGC-1,S,8,29
SCG0089_TCCTTCAAGCAAGATG-1,S,8,29
SCG0090_CGCCAAATCAGGCCTA-1,S,8,29
SCG0093_ACTAGGCGTTGTTGGA-1,S,8,29
SCG0092_AGAATCGAGGTCCTGA-1,S,8,29
SCG0088_GGCTAGTGTAAGCTCA-1,S,8,29
SCG0088_CTGTAACAGGAGTCTT-1,S,8,29
SCG0092_GTGCAAGCAAGTGTTT-1,S,8,29
SCG0090_ACGTCAAGTGGAGCAA-1,S,8,29
SCG0090_AGCTTCCTCATGCATA-1,S,9,30
SCG0090_TCCAGGATCCTGGCTT-1,S,9,30
SCG0089_ATGAAGCCATGTCAAT-1,S,9,30
SCG0093_CATAATGTCCCTCGCA-1,S,9,30
SCG0089_CAATCGCCAGCATGTC-1,S,9,30
SCG0089_GTCTAACAGCTATATG-1,S,9,30
SCG0088_TTTCCACCATCGCTCC-1,S,9,30
SCG0093_ACCAGCTCAGCATGTC-1,S,9,30
SCG0092_ACTTATGAGGAAGCTA-1,S,9,30
SCG0089_GAAGGATGTGTTTCAC-1,S,9,30
SCG0089_ATCATGTCAACCCTAA-1,S,9,30
SCG0093_TTCAGGTAGGGCTTAT-1,S,9,30
SCG0089_ACCCGGTAGGGCTTAT-1,S,9,30
SCG0091_GCACGAACATCACTTC-1,S,9,30
SCG0092_CGCCACACAAGCCAGA-1,S,9,30
SCG0091_AGGTTAGAGCTTTGGG-1,S,9,30
SCG0090_AGTAAACAGGCCAATT-1,S,9,30
SCG0093_TGTCAGTAGTGAAGTG-1,S,9,30
SCG0088_GCTAAGAAGTTCCTGC-1,S,9,30
SCG0092_CTATGATCATCCATCT-1,S,9,30
SCG0090_GATTCAATCACTAGGT-1,S,9,30
SCG0093_GCTGACATCCAGGGAG-1,S,9,30
SCG0089_TTTCGTCCAGTTTCTC-1,S,9,30
SCG0088_CCTACTGGTGCAACTA-1,S,9,30
SCG0088_CTTGTCCAGCGAGGTG-1,S,9,30
SCG0091_AGTGATGAGCCGGTAC-1,S,9,30
SCG0089_AGGTTTGGTTTAGTCC-1,S,9,30
SCG0088_GGTTGGTGTTAAGCGC-1,S,9,30
SCG0093_TACCTCATCTAATCTC-1,S,9,30
SCG0093_GGAAGCTAGTTTCCGC-1,S,9,30
SCG0093_AAGCGTTTCTGTAAGC-1,S,9,30
SCG0088_TACTCAAAGGCTAATC-1,S,9,30
SCG0091_AATCTCAAGCGCTCAA-1,S,9,30
SCG0088_CTAGTTGCAGGCTAAG-1,S,9,30
SCG0093_CGAGGCAAGGAGCATA-1,S,9,30
SCG0090_TTTAACCTCTTGCTAT-1,S,9,30
SCG0090_TGTCCTGGTCCCGAAG-1,S,9,30
SCG0091_CGTACGGGTTCCGCAC-1,S,9,30
SCG0092_CCTTGTTCAGCTAATT-1,S,9,30
SCG0093_CTCCGTCCATGCTCCC-1,S,9,30
SCG0089_GAGCTGCTCCCTTGCG-1,S,9,30
SCG0090_GACCTAAGTGGACCTG-1,S,9,30
SCG0093_AGTCGCATCCCAGTAG-1,S,9,30
SCG0093_TGTATCCGTTGGCCGA-1,S,9,30
SCG0089_ACCTTCCAGGGCCATC-1,S,9,30
SCG0093_AGAAGGTGTCATCAAG-1,S,9,30
SCG0093_ATGGCTAGTGGTGAGA-1,S,9,30
SCG0093_CGTGCACAGGTCCTAG-1,S,9,30
SCG0093_TAAGCCTAGGGACGCA-1,S,9,30
SCG0089_GCAAACAAGTGAACAG-1,S,9,30
SCG0090_TAGCCTCTCTTGCAAA-1,S,9,30
SCG0090_GACGCAACAGGGAGCT-1,S,9,30
SCG0088_CTTATTGGTTAGCTGA-1,S,9,30
SCG0088_CCAACCAAGCCTGGTA-1,S,9,30
SCG0089_CCGTTGCGTCATCATC-1,G2M,0,32
SCG0089_GTGCTCAAGTTGTCAA-1,G2M,0,32
SCG0089_GCAACAGCACAAACTT-1,G2M,0,32
SCG0091_CCTGACTTCACCAATA-1,G2M,0,32
SCG0090_GTGGACACATTAGGCC-1,G2M,0,32
SCG0093_CAGAATCTCAAGGACA-1,G2M,0,32
SCG0089_CGCAATGTCCCTGTTA-1,G2M,0,32
SCG0089_GACATAGAGGAGTCTT-1,G2M,0,32
SCG0090_GAGCCTTCATGCTATG-1,G2M,0,32
SCG0089_CATTTGTTCCGCCTCA-1,G2M,0,32
SCG0093_CACGCTAAGGAGTCTT-1,G2M,0,32
SCG0093_GGCCAACTCCTCAGTC-1,G2M,0,32
SCG0090_ACCTACCTCACTAAGC-1,G2M,0,32
SCG0088_CTATGTTTCAATGACC-1,G2M,0,32
SCG0091_CCGTTACTCCTTGCGT-1,G2M,0,32
SCG0093_TTTGACCGTCAATAGT-1,G2M,0,32
SCG0089_CCCGCAACATCGTTCT-1,G2M,0,32
SCG0092_CTTACCGGTGCTCACC-1,G2M,0,32
SCG0091_AGGATATAGAATCGCT-1,G2M,0,32
SCG0091_TGTCCTTCAGGCATCT-1,G2M,0,32
SCG0093_ATCAATCCAATAACGA-1,G2M,0,32
SCG0091_CGGTTATAGCCTGAGC-1,G2M,0,32
SCG0088_GGTATTGGTGCTTTAC-1,G2M,0,32
SCG0092_CTGGTTTGTTCGCTTG-1,G2M,0,32
SCG0092_ATTGTGATCATCCTAT-1,G2M,0,32
SCG0091_CAGCCAATCCATAATG-1,G2M,0,32
SCG0091_ATGTTCAAGGACCGCT-1,G2M,0,32
SCG0090_AAGCCTCCATAAGTTC-1,G2M,0,32
SCG0092_TGCTATGCAGTATGTT-1,G2M,0,32
SCG0089_GTTTAGCAGCTGGCTA-1,G2M,0,32
SCG0089_CACTAGCCACTAAGAA-1,G2M,0,32
SCG0091_CTGAAACTCCTAATTC-1,G2M,0,32
SCG0090_CGTGTTACAGTTAAAG-1,G2M,0,32
SCG0091_CGTTTCTCAGGCCATT-1,G2M,0,32
SCG0093_AGTTACATCCGCCAAA-1,G2M,0,32
SCG0089_CTCTCACAGCGATAGA-1,G2M,0,32
SCG0093_AATTCGTCAAACTAAG-1,G2M,0,32
SCG0089_ATCATCAAGCCTGTGA-1,G2M,0,32
SCG0093_GAAAGCCAGGTGAAGC-1,G2M,0,32
SCG0093_TTAGTCAAGGCGGGTA-1,G2M,0,32
SCG0088_CTCCGGACAAAGGTAC-1,G2M,0,32
SCG0093_CAACAGGCATAGACCC-1,G2M,0,32
SCG0091_CCTAAAGGTAACGGGA-1,G2M,0,32
SCG0090_GGATATTGTGCTAGAC-1,G2M,0,32
SCG0093_CTGGACCAGCCGCTAA-1,G2M,0,32
SCG0089_GTTCGCTTCAGGGCCT-1,G2M,0,32
SCG0089_CGGTGAGAGTGAACGA-1,G2M,0,32
SCG0088_TTGGATATCCAAGTGT-1,G2M,0,32
SCG0089_CTAACCCTCGCAACAT-1,G2M,0,32
SCG0089_TGCTTGTGTTTACCGT-1,G2M,0,32
SCG0091_GCGAAGTAGGTTACAC-1,G2M,0,32
SCG0088_GGAACCTGTGGTTATG-1,G2M,0,32
SCG0088_CTACGAAGTTTATTCG-1,G2M,0,32
SCG0090_GGGTTTGTCCTTAGGG-1,G2M,0,32
SCG0090_CACCTCAGTTTGGGTA-1,G2M,0,32
SCG0091_GACGCCTAGTAACGAG-1,G2M,0,32
SCG0091_GGACTAAAGTACTGGT-1,G2M,0,32
SCG0093_ACTCACCTCAAGCTAC-1,G2M,0,32
SCG0090_TAAGCCAGTTGGTTAG-1,G2M,0,32
SCG0091_AAAGCCCGTTTACTTG-1,G2M,0,32
SCG0089_GCGCTTGCATTGCGTA-1,G2M,1,33
SCG0093_ACGCTTGAGGTTTGCG-1,G2M,1,33
SCG0088_CGTCATTGTTACTAGG-1,G2M,1,33
SCG0092_GGACCTCAGCGCATTG-1,G2M,1,33
SCG0091_TTGGATTCAAGATTCT-1,G2M,1,33
SCG0089_AGGCGGATCAATGTCA-1,G2M,1,33
SCG0092_GTGCTCCGTTAGGTGC-1,G2M,1,33
SCG0093_AGTGTGGCATGTTGCA-1,G2M,1,33
SCG0090_GTGAGCGAGCTCCTAC-1,G2M,1,33
SCG0093_GATAACGAGGTAGCTT-1,G2M,1,33
SCG0089_AGCTACTAGGCATGAA-1,G2M,1,33
SCG0090_GTCTAGCCACCACAAC-1,G2M,1,33
SCG0088_CTGGACCAGGACGTAA-1,G2M,1,33
SCG0089_TAGTGTGGTAATGGCC-1,G2M,1,33
SCG0091_AGTAACACACGAACAG-1,G2M,1,33
SCG0092_GGGTCACTCGTTTCGC-1,G2M,1,33
SCG0093_AGGTCAAAGACAACAG-1,G2M,1,33
SCG0092_TTTCTCACAGGCGATA-1,G2M,1,33
SCG0092_AGGAGCTAGGCATGAA-1,G2M,1,33
SCG0090_CATAGTCAGCAAGGGT-1,G2M,1,33
SCG0088_TGGTAAACAGCTTAGC-1,G2M,1,33
SCG0089_TTTGTCCCAATAGCAA-1,G2M,1,33
SCG0093_CATAGACTCTTGGACG-1,G2M,1,33
SCG0090_GCTCAACCATGTTGCA-1,G2M,1,33
SCG0090_AGCGTGCTCAGAAACG-1,G2M,1,33
SCG0091_TTGTCCATCTTCAATC-1,G2M,1,33
SCG0092_TCATTGCGTAACAGGG-1,G2M,1,33
SCG0089_ACCTCACTCACTTTAC-1,G2M,1,33
SCG0093_ACCAAGTTCAAACTCA-1,G2M,1,33
SCG0093_GAGGCTACAAGGTACG-1,G2M,1,33
SCG0088_ACGTCCAAGGTCCAAT-1,G2M,1,33
SCG0089_AGCGGATAGGCCTAAT-1,G2M,1,33
SCG0092_CTACTTAGTCTTGCAT-1,G2M,1,33
SCG0091_AGTCAATGTGGAAACG-1,G2M,1,33
SCG0092_CGAAGCCTCGTTAGTA-1,G2M,1,33
SCG0091_AAGTTACGTGAAGCCT-1,G2M,1,33
SCG0089_CTATAACCATCATGGC-1,G2M,1,33
SCG0092_CGGTGAGAGGCGTAAA-1,G2M,1,33
SCG0088_CACTAAGGTCTAACCT-1,G2M,1,33
SCG0089_AAGACATAGGACGTAA-1,G2M,1,33
SCG0090_GCCAATTAGCTCAATA-1,G2M,1,33
SCG0093_CTGGTTACAGCACGAA-1,G2M,1,33
SCG0089_TCCTTAGTCCTTCGTA-1,G2M,1,33
SCG0088_CATCCTGGTCACCTAT-1,G2M,1,33
SCG0090_TTGCAAGGTTGAGCCG-1,G2M,1,33
SCG0088_CATGCGCAGACTCGCA-1,G2M,1,33
SCG0093_TGTTGTAAGGAAACTG-1,G2M,1,33
SCG0091_AACCGCTCACAGGATG-1,G2M,1,33
SCG0089_CGAGTCGGTTACCTGT-1,G2M,1,33
SCG0088_TTTAACGAGGCCTAAT-1,G2M,1,33
SCG0093_CGAACCGGTTAGCAGC-1,G2M,1,33
SCG0088_GTACTGGTCGTTATCT-1,G2M,1,33
SCG0089_AGTTTGATCATGCAAC-1,G2M,1,33
SCG0088_TGACCAAGTGCTCCAC-1,G2M,1,33
SCG0091_GTGAGCGAGTTTGGTA-1,G2M,1,33
SCG0089_TCGCGAGGTTACATCC-1,G2M,1,33
SCG0091_GCTGTAAGTTAATGAC-1,G2M,1,33
SCG0093_TGTTCCTCATTATGGT-1,G2M,1,33
SCG0092_CAGCTCAAGCAGCTAT-1,G2M,1,33
SCG0093_CAACCCTTCACGAATC-1,G2M,1,33
SCG0091_GGCATTAGTTCGCTTG-1,G2M,1,33
SCG0091_TGAGTGAAGTCATGCG-1,G2M,1,33
SCG0090_ATACCGGTCCAAGTTA-1,G2M,1,33
SCG0091_CAATATGTCCGGTTAG-1,G2M,1,33
SCG0092_GTTTAACCACGGTTTA-1,G2M,1,33
SCG0089_CAAGAACCACATGCTA-1,G2M,1,33
SCG0089_AAGACAAGTTCTTTAG-1,G2M,1,33
SCG0091_TTTACGAAGCGCTCAA-1,G2M,1,33
SCG0088_AGGACTAAGCCGCAAC-1,G2M,1,33
SCG0091_GAACTTATCAGGATGA-1,G2M,1,33
SCG0091_TGATGACTCGGTCAGC-1,G2M,1,33
SCG0091_GATAAGCCAAGCGATG-1,G2M,1,33
SCG0092_ACGTCCTTCAAGGACA-1,G2M,1,33
SCG0092_GGGTTACGTCGTTACT-1,G2M,1,33
SCG0092_GAGATAAGTGAGACTC-1,G2M,1,33
SCG0090_CGAACCGGTCGCAATA-1,G2M,1,33
SCG0089_ACTTACTTCTGCAACG-1,G2M,2,34
SCG0091_AAACAGCCAGTTTACG-1,G2M,2,34
SCG0088_TAAGCCAGTCCGTAGG-1,G2M,2,34
SCG0089_TAAAGCCTCATTACTC-1,G2M,2,34
SCG0088_TTGCCCGTCCCTCAAC-1,G2M,2,34
SCG0092_ACCTAAGGTGCAACTA-1,G2M,2,34
SCG0090_TGTGGCCAGCGGATTT-1,G2M,2,34
SCG0092_ATGACGAAGTCCTTCA-1,G2M,2,34
SCG0093_CCTGTAACACTCGCTC-1,G2M,2,34
SCG0090_GGTTTCCTCATTCATC-1,G2M,2,34
SCG0092_TCTTAGTTCCTCGATC-1,G2M,2,34
SCG0088_ATAGCATGTCCCGGAA-1,G2M,2,34
SCG0089_GCACGCTAGCTAATTG-1,G2M,2,34
SCG0089_ACACTTGCAGTAGGAT-1,G2M,2,34
SCG0093_CCTACTTCAGCTAACC-1,G2M,2,34
SCG0093_GAGAGGCGTGATCATG-1,G2M,2,34
SCG0091_CGTAACCCAGCTCAAC-1,G2M,2,34
SCG0090_ATGAAGCCACTCGCTC-1,G2M,2,34
SCG0092_ACGTCCTTCGCTAGTG-1,G2M,2,34
SCG0093_AAGGAAGCACCAGCAT-1,G2M,2,34
SCG0089_CTACGAAGTTCGCTTG-1,G2M,2,34
SCG0088_TGCATCCTCACTAAGC-1,G2M,2,34
SCG0089_TATCCGGAGCTGAGGG-1,G2M,2,34
SCG0090_TACAAGCTCGCCTAAG-1,G2M,2,34
SCG0088_GGTACTTAGGAGTAAT-1,G2M,2,34
SCG0089_CTCCAAACAATTGACT-1,G2M,2,34
SCG0089_ATCAAGACAAGGAATC-1,G2M,2,34
SCG0091_TCACCTCAGGACTTAC-1,G2M,2,34
SCG0092_TATGACTCAAGCTACC-1,G2M,2,34
SCG0089_CGAACAAAGCTATTGA-1,G2M,2,34
SCG0089_TTTACGAAGTGTTGCG-1,G2M,2,34
SCG0091_ATATAGGCAGTTTCTC-1,G2M,2,34
SCG0091_TCCATATTCACAGCGC-1,G2M,2,34
SCG0092_TTGTTGCGTGTCCAGG-1,G2M,2,34
SCG0090_GGCTTAAGTAGTTGGC-1,G2M,2,34
SCG0092_TGAGGTGCATTAAAGG-1,G2M,2,34
SCG0093_ACAGGAATCTACCTCA-1,G2M,2,34
SCG0091_TCCATCATCCCTGTTA-1,G2M,2,34
SCG0089_GACCTGCAGTTTGCGG-1,G2M,2,34
SCG0090_TCATTGTTCGGGACCT-1,G2M,2,34
SCG0093_TGCATGAGTCCTTTAA-1,G2M,2,34
SCG0093_AGTTATGTCCAAGTTA-1,G2M,2,34
SCG0093_TGTGGCGGTCAAGTAT-1,G2M,2,34
SCG0093_AACTAGTGTCCCGGAA-1,G2M,2,34
SCG0093_CATTATGAGTTTGAGC-1,G2M,2,34
SCG0091_GTCCAAGTCCCGTTTA-1,G2M,2,34
SCG0093_ACATAGCTCTTTAAGG-1,G2M,2,34
SCG0093_TACTGGCCAAAGGTAC-1,G2M,2,34
SCG0090_CTTCAGGAGGCAAGTA-1,G2M,2,34
SCG0090_CTTCGCGTCCTAAGAC-1,G2M,2,34
SCG0093_GAGCGGTCAAGGTAAC-1,G2M,2,34
SCG0090_ATAGATGCAAACCCTA-1,G2M,2,34
SCG0089_ACCTAAATCGCTTGCT-1,G2M,2,34
SCG0092_TTGGGCCAGAGGAAGG-1,G2M,2,34
SCG0091_CTTGCATGTATTGGAT-1,G2M,2,34
SCG0088_CCTTCGTAGGCAAGTA-1,G2M,2,34
SCG0091_GCTCACAAGGTTAGAG-1,G2M,2,34
SCG0089_GCTAGCGGTGTCACGG-1,G2M,2,34
SCG0091_GGAACGGTCCGCCTAT-1,G2M,2,34
SCG0092_ACCAAACTCACCATTT-1,G2M,2,34
SCG0093_CAGGACACAGTTTGTG-1,G2M,2,34
SCG0090_GTCCTCCCATGCATAT-1,G2M,2,34
SCG0089_AATAGAGGTGTCACGG-1,G2M,2,34
SCG0093_AAACCGGCAGCTTAGC-1,G2M,2,34
SCG0093_ACCAGCTCACAGCCAT-1,G2M,2,34
SCG0093_TCATCCATCATTGCAA-1,G2M,2,34
SCG0090_TCTAACTTCTTAGCGG-1,G2M,2,34
SCG0091_GTGAACAAGTCACTAA-1,G2M,2,34
SCG0089_TTAGGCCCACCTAATG-1,G2M,2,34
SCG0091_TACCTCATCACGCATG-1,G2M,2,34
SCG0091_ACCCGCTGTCTTACTA-1,G2M,2,34
SCG0092_AGCAACAAGCCTGTTC-1,G2M,2,34
SCG0089_GCCCATAAGTATTGGC-1,G2M,2,34
SCG0093_TTGACTAAGAACCTAC-1,G2M,2,34
SCG0093_CGCTTAACAGATAGAC-1,G2M,2,34
SCG0093_TTAGGCGTCGAGGTGG-1,G2M,2,34
SCG0089_AAAGGCTCAGGCTGTT-1,G2M,2,34
SCG0092_TTGCCCGTCCGCATGA-1,G2M,2,34
SCG0092_AGCTACGTCCAGGAAA-1,G2M,3,35
SCG0093_TCATTGTTCGGGACTC-1,G2M,3,35
SCG0089_CAGCATGTCGCTATAA-1,G2M,3,35
SCG0092_ACCGCAATCTGTTCAT-1,G2M,3,35
SCG0093_CAAGGGAGTTTCGCGC-1,G2M,3,35
SCG0090_AAACATGCACAATTAC-1,G2M,3,35
SCG0092_TTAGCAGGTAATCGTG-1,G2M,3,35
SCG0089_CGACTAAGTAACCTAG-1,G2M,3,35
SCG0089_CGTACGGGTTAAGGTT-1,G2M,3,35
SCG0089_CGGAGCAAGACAGGCG-1,G2M,3,35
SCG0090_GAAGGATGTGTTGCTT-1,G2M,3,35
SCG0093_GGTCCTGCACCTGCTC-1,G2M,3,35
SCG0088_GCCCGTTGTACCGTTT-1,G2M,3,35
SCG0088_AGAATCGAGACTAAGG-1,G2M,3,35
SCG0093_TGTTGTAAGTTTGCGG-1,G2M,3,35
SCG0092_GGAGTGAGTTTCGCGC-1,G2M,3,35
SCG0092_GAGGTACAGCTGGAAA-1,G2M,3,35
SCG0090_GTCAGGCTCGAGCAAA-1,G2M,3,35
SCG0088_TCAAGTATCATTTGCT-1,G2M,3,35
SCG0090_GGTAGGAGTCCGTAGG-1,G2M,3,35
SCG0093_ACCTGGTCATTGTGAT-1,G2M,3,35
SCG0089_ACAACAGAGTGAGCGG-1,G2M,3,35
SCG0091_GACAATACAGCAATAA-1,G2M,3,35
SCG0093_CGAGGCAAGAATCTCA-1,G2M,3,35
SCG0088_GACCTCAAGGCACAGG-1,G2M,3,35
SCG0088_GCATGAGCACGAATCC-1,G2M,3,35
SCG0089_TCATAACCAGGCGAGT-1,G2M,3,35
SCG0090_ACCGGTTCAGGACCTT-1,G2M,3,35
SCG0092_GCCTGCTGTTCTTTAG-1,G2M,3,35
SCG0089_AATCTTGAGGCCATCA-1,G2M,3,35
SCG0093_CCGTTAACACTAAATC-1,G2M,3,35
SCG0088_TAAGCCTAGCGAGTAA-1,G2M,3,35
SCG0092_AACTGTTCATAAGTTC-1,G2M,3,35
SCG0089_GGCCTCTGTTGTGACA-1,G2M,3,35
SCG0090_ATCCGTGAGCAAGGTA-1,G2M,3,35
SCG0093_GGGCCTAGTTTGGGTA-1,G2M,3,35
SCG0092_AGTATAGCAAAGCGCA-1,G2M,3,35
SCG0089_AAGCTCCCACTCAACA-1,G2M,3,35
SCG0092_AAGCCTCCACCTGCTC-1,G2M,3,35
SCG0088_GAGTTACTCCCTGTTA-1,G2M,3,35
SCG0091_AGCCTAGTCAGTGAAG-1,G2M,3,35
SCG0092_CGAAATGAGGCATGTT-1,G2M,3,35
SCG0089_TCGGTTCTCGTTACTT-1,G2M,3,35
SCG0091_GGGTCACTCTAAGTGC-1,G2M,3,35
SCG0091_GATTGGCGTGCGCATG-1,G2M,3,35
SCG0090_TAGTAAGCAAGGATTA-1,G2M,3,35
SCG0090_GCGATTTAGCTAAAGG-1,G2M,3,35
SCG0091_GCGCTAGGTACGTTTC-1,G2M,3,35
SCG0092_TAAGCCTAGCCACAAT-1,G2M,3,35
SCG0093_TTTACGAAGGACCTGC-1,G2M,3,35
SCG0091_ACACGGACAAACCTTG-1,G2M,3,35
SCG0093_GAACCTGTCCTCCATA-1,G2M,3,35
SCG0090_CAGCATTAGACTATTG-1,G2M,3,35
SCG0091_AGAGATTAGCTTCCCG-1,G2M,3,35
SCG0088_CGAATCTAGGTTAGAG-1,G2M,3,35
SCG0088_GGTGATTTCTTGTTCG-1,G2M,3,35
SCG0089_GATTCATCAAACAACA-1,G2M,3,35
SCG0089_ATGAGCCGTACGTTTC-1,G2M,3,35
SCG0088_AATTGCCAGACACTTA-1,G2M,3,35
SCG0092_CTACCGGCAGGCTGTT-1,G2M,3,35
SCG0092_GTTGGCGGTCATTACC-1,G2M,3,35
SCG0089_CCGTTACTCACAAGCT-1,G2M,3,35
SCG0089_ACATCATCAGGCCTTG-1,G2M,3,35
SCG0091_TTATTGCTCACAGCGC-1,G2M,3,35
SCG0090_ACTCAGTAGTCCTGAG-1,G2M,3,35
SCG0090_ATTCCGGAGCGAGTAA-1,G2M,3,35
SCG0089_AACAAAGGTCTTACTA-1,G2M,3,35
SCG0092_TAGGGTTTCTCACATT-1,G2M,3,35
SCG0093_CTGGTTTGTTTGGCTT-1,G2M,3,35
SCG0089_CCGACAGGTGAGGTAG-1,G2M,3,35
SCG0089_TGGAACAAGTTGTCAA-1,G2M,4,36
SCG0090_TCATGAGGTGTCACGG-1,G2M,4,36
SCG0088_ACATTGCAGCCTGTTC-1,G2M,4,36
SCG0093_AAACCAACAGGACCTT-1,G2M,4,36
SCG0091_CTGTATTTCGCGACAC-1,G2M,4,36
SCG0088_CCAGCTGCAATTGACT-1,G2M,4,36
SCG0092_AGTAAACAGTTAGACC-1,G2M,4,36
SCG0091_GCGGGTTTCGTAACGT-1,G2M,4,36
SCG0089_CTACTAAAGCTAATTG-1,G2M,4,36
SCG0089_TATCGCACAATAGCAA-1,G2M,4,36
SCG0090_TCATTGCGTCCCGGAA-1,G2M,4,36
SCG0091_AACTAGTGTGTTAAAC-1,G2M,4,36
SCG0089_TGTAAAGCACTCAACA-1,G2M,4,36
SCG0093_CTCCTGAGTTTACTTG-1,G2M,4,36
SCG0092_CCTTCAATCCCGCCTA-1,G2M,4,36
SCG0092_ACACTAGGTTAGCAGC-1,G2M,4,36
SCG0088_TGTTACTTCAAAGGCA-1,G2M,4,36
SCG0088_CCTAAGTAGGCTTAGT-1,G2M,4,36
SCG0091_ATTGCGCCACAGGGAC-1,G2M,4,36
SCG0088_GAGATAAGTACTGATG-1,G2M,4,36
SCG0091_ACCAATATCGGGACCT-1,G2M,4,36
SCG0093_TATCACGCAGCCAGTT-1,G2M,4,36
SCG0090_GTCCTAGAGGCGCTAC-1,G2M,4,36
SCG0090_GTTAACGGTTATCCGT-1,G2M,4,36
SCG0089_CTGCTACTCAAACTCA-1,G2M,4,36
SCG0092_TCTACCTCAGGACCTT-1,G2M,4,36
SCG0093_CAAACAACAGGTTCAC-1,G2M,4,36
SCG0089_GGCTCACAGTTAGCTA-1,G2M,4,36
SCG0091_CGACAAGCAATTGAGA-1,G2M,4,36
SCG0092_ACTTTGTTCTTGTCCA-1,G2M,4,36
SCG0088_GGAGCGATCGTGCCTT-1,G2M,4,36
SCG0089_CCGATGCAGGTCGATT-1,G2M,4,36
SCG0088_ATCAAGACAACAACAA-1,G2M,4,36
SCG0088_TTGGATCAGCCGCAGT-1,G2M,4,36
SCG0092_TTCATCCCAACAGCCT-1,G2M,4,36
SCG0092_GCGAAGCCATTGTGCA-1,G2M,4,36
SCG0089_TCCATAAAGGCTAATC-1,G2M,4,36
SCG0092_TGTTAGCAGGCTTAAC-1,G2M,4,36
SCG0093_AATGTCATCATGTGGT-1,G2M,4,36
SCG0093_ACTAACCAGGAACGCG-1,G2M,4,36
SCG0090_GGCAGGATCCCTCAAC-1,G2M,4,36
SCG0089_CTAAGTCAGTGGCGGA-1,G2M,4,36
SCG0092_TGCTTGTGTTTGACCT-1,G2M,4,36
SCG0092_ATCAAGCTCTTAGCGG-1,G2M,4,36
SCG0090_CAATGTCAGTGAGCGG-1,G2M,4,36
SCG0093_CTTCAATTCGATTATG-1,G2M,4,36
SCG0091_ATCAATCCAGCATGGA-1,G2M,4,36
SCG0092_CTCATTAGTCACACCC-1,G2M,4,36
SCG0093_GCAATGTTCGAAGTGA-1,G2M,4,36
SCG0092_TTCCTCAAGGAACCAA-1,G2M,4,36
SCG0090_GGAGTCTGTAAAGCGG-1,G2M,4,36
SCG0091_TACTAAGTCGCTCACT-1,G2M,4,36
SCG0088_AGAACCAAGGGTGGAT-1,G2M,4,36
SCG0089_TGGTGCATCCGCATGA-1,G2M,4,36
SCG0089_AGTGGACAGTAAACCC-1,G2M,4,36
SCG0089_TCAAGGAAGCATTTCT-1,G2M,4,36
SCG0089_TCACATAAGCTAAGTC-1,G2M,4,36
SCG0089_GTTACCTGTGACCTGG-1,G2M,4,36
SCG0089_ATTATGGTCTAATCCT-1,G2M,4,36
SCG0089_AGCACTTAGTGAGCAA-1,G2M,4,36
SCG0091_TACTTCGTCAAGTGAG-1,G2M,4,36
SCG0092_CCATAATCAAGTGTTT-1,G2M,4,36
SCG0089_GAAGGATGTATTGGTG-1,G2M,4,36
SCG0091_GGAGCATAGGTCTTGG-1,G2M,4,36
SCG0091_CGCACACAGCGCAATT-1,G2M,4,36
SCG0089_ATCGCCCGTCAAGACC-1,G2M,4,36
SCG0089_TACCTTAGTCAAGTGC-1,G2M,4,36
SCG0089_GCAAACAAGGCCGGAA-1,G2M,4,36
SCG0092_CGCAATTAGGATCACT-1,G2M,4,36
SCG0090_ATAAGTCGTTAACAGT-1,G2M,4,36
SCG0088_TTGCCCGTCCTAATTC-1,G2M,4,36
SCG0093_AGCAACAAGTCATGCG-1,G2M,4,36
SCG0090_AGCAACAAGATGCCTG-1,G2M,4,36
SCG0093_GCTGGATGTGAATCGC-1,G2M,4,36
SCG0088_TGGCCTTTCAATGACC-1,G2M,4,36
SCG0093_CTCGCTCCACAAAGAC-1,G2M,4,36
SCG0091_AAGCGAGGTTCGCTTG-1,G2M,4,36
SCG0088_ATGCTTAAGGCATTAC-1,G2M,4,36
SCG0089_CTTCAATTCGTTCACC-1,G2M,4,36
SCG0088_CTATTGAAGTTACCGG-1,G2M,4,36
SCG0088_AAGTCTATCTTGCTAT-1,G2M,4,36
SCG0089_CCGGTTAAGGATGATG-1,G2M,4,36
SCG0089_ACACAATGTATCTGGA-1,G2M,5,37
SCG0093_TGCTATGCAGTCTAAT-1,G2M,5,37
SCG0091_GGAACTAAGTTTGGTA-1,G2M,5,37
SCG0092_CAAGGCCTCATAATCG-1,G2M,5,37
SCG0092_AAGCCACGTTAGCAGC-1,G2M,5,37
SCG0092_GTTTGTAAGCCTGACA-1,G2M,5,37
SCG0093_TTGAGGCGTCGACTAA-1,G2M,5,37
SCG0091_CAGGACACAAATACCT-1,G2M,5,37
SCG0093_TATTAGCCATAGGCGA-1,G2M,5,37
SCG0089_AGGATATAGTCATTAG-1,G2M,5,37
SCG0090_TGTGAAACATGAATCT-1,G2M,5,37
SCG0092_TCCCTGGTCAACAAGG-1,G2M,5,37
SCG0090_GTGAACAAGGTTTGCG-1,G2M,5,37
SCG0090_ACGCTTGAGTTTGAGC-1,G2M,5,37
SCG0089_GACCTCAAGTAGCCAT-1,G2M,5,37
SCG0093_ACGAACAAGCAAGATG-1,G2M,5,37
SCG0088_ATATAGGCAACTGGCT-1,G2M,5,37
SCG0089_GTAGGCGAGTCACCTC-1,G2M,5,37
SCG0089_GCTATAGGTTGTTGGA-1,G2M,5,37
SCG0093_AGTTGCAGTCAAAGGG-1,G2M,5,37
SCG0091_TTGGCTACACAGCCTG-1,G2M,5,37
SCG0088_TATGGCCCAATTGCGC-1,G2M,5,37
SCG0093_GAACGAATCTAGCGTG-1,G2M,5,37
SCG0089_TCCTGTTCAAGGTGGC-1,G2M,5,37
SCG0088_CCAGCTAAGTCCTTCA-1,G2M,5,37
SCG0091_CCCTCATAGCTGTACG-1,G2M,5,37
SCG0089_GGCTATGTCCCGCATT-1,G2M,5,37
SCG0091_TCATGTTTCTGCAACG-1,G2M,5,37
SCG0089_CTCGCTCCACTTCATC-1,G2M,5,37
SCG0093_GAGAAACGTTGTAAAC-1,G2M,5,37
SCG0092_TCATCCATCATGCTTT-1,G2M,5,37
SCG0093_CCGCTAAAGGTCCTGA-1,G2M,5,37
SCG0089_TTTCACCCAATGAATG-1,G2M,5,37
SCG0089_CCATAAGGTACAAAGA-1,G2M,5,37
SCG0091_AATCTTGAGCACGATT-1,G2M,5,37
SCG0089_TGAAGCAAGGCTACTG-1,G2M,5,37
SCG0088_GATGGACAGGGTGAAC-1,G2M,5,37
SCG0088_CCACAATAGCACAGGG-1,G2M,5,37
SCG0088_CGCTTACTCCACCTTA-1,G2M,5,37
SCG0091_AAGCTAGAGCCGGTAC-1,G2M,5,37
SCG0088_GAAAGGCTCGTTCACC-1,G2M,5,37
SCG0088_AGCCGCTAGTTATCCT-1,G2M,5,37
SCG0090_CTGTACCTCAATGACC-1,G2M,5,37
SCG0092_AAGCCTTAGTTAGTGC-1,G2M,5,37
SCG0088_ATTACCCGTCGTAAAT-1,G2M,5,37
SCG0089_GAACCGCTCCTACCTA-1,G2M,5,37
SCG0092_TTAGTCAAGGACCTTG-1,G2M,5,37
SCG0093_CGTGTTACACAGAACG-1,G2M,5,37
SCG0088_GACCTGCAGCCGGTAC-1,G2M,5,37
SCG0089_ACCTCACTCTTAGCCC-1,G2M,5,37
SCG0091_TGTGTGAGTGGTTATG-1,G2M,5,37
SCG0091_GAGCCACTCAATGTCA-1,G2M,5,37
SCG0093_GGTTTCTGTATACTGG-1,G2M,5,37
SCG0088_CTCAATAAGAATCTCA-1,G2M,5,37
SCG0090_GCCTAATAGTACCGCA-1,G2M,5,37
SCG0092_GCCTGTGCACCTGCCT-1,G2M,5,37
SCG0093_TCTACCTCACAACAGG-1,G2M,5,37
SCG0093_GGTTATATCCATAAGC-1,G2M,5,37
SCG0090_TCGTTAAAGAACCTAC-1,G2M,5,37
SCG0091_CGCAATGTCCGTTAAA-1,G2M,5,37
SCG0088_AGCTATATCAGCCAAT-1,G2M,5,37
SCG0091_TTTGACTTCCTAGTTT-1,G2M,5,37
SCG0092_TACCTTAGTATGGTGC-1,G2M,5,37
SCG0093_CGCTTGCGTTTAAAGC-1,G2M,5,37
SCG0091_CCTATATTCTTAGTGA-1,G2M,5,37
SCG0088_ACGAGTAAGTGAACAG-1,G2M,5,37
SCG0092_TTAAAGGCAATCGCAC-1,G2M,5,37
SCG0092_GAACCGCTCATGTTTC-1,G2M,5,37
SCG0091_ACCTTGCTCCTTAGGG-1,G2M,5,37
SCG0093_TACCTTTAGAAGCTAG-1,G2M,5,37
SCG0091_TGTCAGTAGCTATGAC-1,G2M,5,37
SCG0093_CCGCTAAAGCTATGAC-1,G2M,5,37
SCG0088_TCTGGCTTCCTCAGTC-1,G2M,5,37
SCG0089_CTCATGCTCCTTGTTG-1,G2M,5,37
SCG0093_TTGGGCCAGTGAGGGT-1,G2M,5,37
SCG0089_TCAGTGAGTGGACCTG-1,G2M,5,37
SCG0093_AACAGGATCCGCCAAA-1,G2M,5,37
SCG0093_CTAACCACACTAGCGT-1,G2M,6,38
SCG0093_AGTTTGCAGAGAGCCG-1,G2M,6,38
SCG0092_ACTTGTAAGGAAGTAT-1,G2M,6,38
SCG0091_TTTATGGAGGTGAGAC-1,G2M,6,38
SCG0092_GAGCTGCTCACAGCCA-1,G2M,6,38
SCG0093_AGCTCATAGCAGGCCT-1,G2M,6,38
SCG0089_CGTGTGTCAGGAACAT-1,G2M,6,38
SCG0090_ACTGAAACATCCCTCA-1,G2M,6,38
SCG0089_CCCGTAAAGTCGCTAG-1,G2M,6,38
SCG0092_GGATTCAGTTCCGGCT-1,G2M,6,38
SCG0091_ACAAACTGTTAGCTGA-1,G2M,6,38
SCG0090_AACTAGTGTAATCCCT-1,G2M,6,38
SCG0091_GAGTATCTCGTGCCTT-1,G2M,6,38
SCG0090_TCCAGGTCATAAGTCT-1,G2M,6,38
SCG0091_AAAGGACGTGTTTGCT-1,G2M,6,38
SCG0090_AATCATGTCTAACCTT-1,G2M,6,38
SCG0093_TGTCAGTAGCAACATC-1,G2M,6,38
SCG0092_CGGTGAACAATCGCAC-1,G2M,6,38
SCG0089_AATTGCTCATTGTCCT-1,G2M,6,38
SCG0090_CATAAGCTCTCACAAA-1,G2M,6,38
SCG0089_TTTCATCAGGAAGTAT-1,G2M,6,38
SCG0093_TCATTTGGTAATGGAA-1,G2M,6,38
SCG0089_TATCACAAGGGCCACT-1,G2M,6,38
SCG0091_TCCTAGTGTGTGAGGA-1,G2M,6,38
SCG0088_GCAAGTGCACTATGGC-1,G2M,6,38
SCG0089_ACCCGGTAGTAAGAAC-1,G2M,6,38
SCG0089_TTAGGAACAGCTCATA-1,G2M,6,38
SCG0088_GCTCCTTAGGCATGAA-1,G2M,6,38
SCG0088_CTTGGACCAGCATGTC-1,G2M,6,38
SCG0089_GAAGCCTGTGCAACTA-1,G2M,6,38
SCG0091_TTGCAAGGTGGATGTC-1,G2M,6,38
SCG0091_TCGTTAAAGTGAACGA-1,G2M,6,38
SCG0092_GCGTTTCTCTGGCATG-1,G2M,6,38
SCG0090_CGCATTTGTCCTAACT-1,G2M,6,38
SCG0091_CCTTTAGTCCGCATGA-1,G2M,6,38
SCG0090_GAACCTTAGTAACTCA-1,G2M,6,38
SCG0093_ACAAACTGTTCGGTAA-1,G2M,6,38
SCG0092_AAACAGCCAGCTTAGC-1,G2M,6,38
SCG0093_CCAGCCTGTTAACGAT-1,G2M,6,38
SCG0089_GTGAACAAGTTATGGC-1,G2M,6,38
SCG0088_GCCAGGAAGACAAACG-1,G2M,6,38
SCG0088_AGATGCTTCTAACCAA-1,G2M,6,38
SCG0093_AAAGGAGCATAAGTCT-1,G2M,6,38
SCG0088_GCTTGACCACAAAGGT-1,G2M,6,38
SCG0093_TTTGACTTCAAGGACA-1,G2M,6,38
SCG0092_CCTGAGTCAATTAGCT-1,G2M,6,38
SCG0093_TGTTGTGCATCCCGCT-1,G2M,6,38
SCG0092_GATTGCGTCTATCGCC-1,G2M,6,38
SCG0089_CCGCTAGCAAGCCAGA-1,G2M,6,38
SCG0092_GCTGACCAGCTTAGTA-1,G2M,6,38
SCG0092_TAAGCCTAGCCGCTTT-1,G2M,6,38
SCG0090_TCCAGGTCACGAACAG-1,G2M,6,38
SCG0089_GGTTACCCATAACGGG-1,G2M,6,38
SCG0093_TTAATCGAGCCAGGTC-1,G2M,6,38
SCG0093_GCATTGCCAGCATTAT-1,G2M,6,38
SCG0090_GAGGGAGCAAGCTAAA-1,G2M,6,38
SCG0092_AGGTTAGAGTTGCGTG-1,G2M,6,38
SCG0091_GTACTAGGTGATGAAA-1,G2M,6,38
SCG0089_ATGGTTATCGATTATG-1,G2M,6,38
SCG0088_TACAATGTCTGTTCAT-1,G2M,6,38
SCG0093_AATTGCTCAGCTTACA-1,G2M,6,38
SCG0088_AGGATTGAGACACTTA-1,G2M,6,38
SCG0093_GGTCATTAGCAAGGGT-1,G2M,6,38
SCG0093_TATGGTCAGAATCGCT-1,G2M,6,38
SCG0093_TAAGGCTTCCATTACT-1,G2M,6,38
SCG0089_TAATCACCAGAGAGCC-1,G2M,6,38
SCG0090_TAATGGACACTAGGTC-1,G2M,6,38
SCG0089_TGTAATGTCCGTTAAA-1,G2M,6,38
SCG0091_AAGCGAGGTTACATCC-1,G2M,6,38
SCG0092_CCAGCTGCAAACCCTA-1,G2M,6,38
SCG0093_TAATCCGCATTAGGCC-1,G2M,6,38
SCG0088_AGTGATGAGCCTCTCG-1,G2M,6,38
SCG0089_GCTCTGGCAAGGTCGA-1,G2M,6,38
SCG0091_AGCACTTAGCTAATTG-1,G2M,6,38
SCG0091_GTATTCAAGGGATGAC-1,G2M,6,38
SCG0090_ATGACGAAGCCTGTGA-1,G2M,6,38
SCG0092_TAGTGTGGTTACAACG-1,G2M,6,38
SCG0089_TTAGCTGCACTAAGAA-1,G2M,6,38
SCG0092_CTTGCTCAGTCAATCA-1,G2M,6,38
SCG0092_ATCCGTGAGTAATCCA-1,G2M,6,38
SCG0088_TCATTGCGTCTAACCT-1,G2M,6,38
SCG0091_CTATTACTCCCGTTTA-1,G2M,7,39
SCG0090_ACTTACTTCCACCTGT-1,G2M,7,39
SCG0092_CTCCGGACACTGACTA-1,G2M,7,39
SCG0093_CGTGGTTCACACTAAT-1,G2M,7,39
SCG0088_TGGATTGGTTGCAATG-1,G2M,7,39
SCG0092_CAACTAGGTATGGTGC-1,G2M,7,39
SCG0088_CCATAAATCCTGGTCT-1,G2M,7,39
SCG0090_GTGAGCGAGTTCCCGT-1,G2M,7,39
SCG0092_GTTTAACCAAGGGTTG-1,G2M,7,39
SCG0091_TTTACGAAGGATGATG-1,G2M,7,39
SCG0091_TGTTACTTCGCTAGCA-1,G2M,7,39
SCG0093_GACCTGATCATGCTCC-1,G2M,7,39
SCG0093_GTTAGACTCAAAGGCA-1,G2M,7,39
SCG0092_TGGGCCTAGTTAGAGG-1,G2M,7,39
SCG0091_CATAACGGTGAGCGAA-1,G2M,7,39
SCG0092_GTAAGCAAGCCTGTGA-1,G2M,7,39
SCG0088_CTCGCTCCAGCAGGTA-1,G2M,7,39
SCG0093_GTCAATATCAGGATGA-1,G2M,7,39
SCG0089_CTTATTGGTGTGTGGT-1,G2M,7,39
SCG0091_CTCAGGATCCGGGACT-1,G2M,7,39
SCG0093_GCAGGCTTCTTGTCTG-1,G2M,7,39
SCG0091_GCTAACCCATACCCGG-1,G2M,7,39
SCG0089_TTTGGTGCAGGACCTT-1,G2M,7,39
SCG0091_TGATCGAGTTCGGTAA-1,G2M,7,39
SCG0089_AAAGCGGGTAATGACT-1,G2M,7,39
SCG0090_GAAGTAAGTGTCCTGC-1,G2M,7,39
SCG0091_ATGGTGCGTTGTAACG-1,G2M,7,39
SCG0088_AGCTTCCTCAAATCGC-1,G2M,7,39
SCG0088_GGACCTCAGCCTAATA-1,G2M,7,39
SCG0090_CGTTAGGTCCGCCTCA-1,G2M,7,39
SCG0090_GTAAAGCCAAGCGAGC-1,G2M,7,39
SCG0092_TTTCGTCCATAGCAGG-1,G2M,7,39
SCG0092_CGCATATAGAAGCTAG-1,G2M,7,39
SCG0089_AGTAACGAGTGGCGGA-1,G2M,7,39
SCG0090_ACTTGAATCGCTATAA-1,G2M,7,39
SCG0092_CCTGGTAAGCTGGCTA-1,G2M,7,39
SCG0091_AATCGCCCACTTAGGC-1,G2M,7,39
SCG0090_CGAAGCGAGGTTTACA-1,G2M,7,39
SCG0093_TTTGACCGTCAGGCCA-1,G2M,7,39
SCG0089_GTGCTTACAGGACCTT-1,G2M,7,39
SCG0093_ACCCAACCAGAAATGC-1,G2M,7,39
SCG0092_GGACCTCAGGTGTTAC-1,G2M,7,39
SCG0089_CACTAGCCAGGCGATA-1,G2M,7,39
SCG0089_CGCTTCTAGTTGCGTG-1,G2M,7,39
SCG0088_AGACTATGTCCGTGAG-1,G2M,7,39
SCG0093_CGTCAATAGTCACTAA-1,G2M,7,39
SCG0092_ACGATTCAGGTGCTGC-1,G2M,7,39
SCG0089_GATTCATCAGGCATGA-1,G2M,7,39
SCG0093_GACCTGCAGACAACAG-1,G2M,7,39
SCG0089_TACCGCAAGTCAGTAC-1,G2M,7,39
SCG0088_TGATCAGGTTGGCGTG-1,G2M,7,39
SCG0091_AAGGCCCTCTAATCCT-1,G2M,7,39
SCG0091_GTCAATATCACAGCGC-1,G2M,7,39
SCG0091_AGGATTGAGCTAATTG-1,G2M,7,39
SCG0090_ACTTGTAAGCGCCTAA-1,G2M,7,39
SCG0089_ACATAGCTCGACAAAG-1,G2M,7,39
SCG0088_TGGTGATTCAAGGACA-1,G2M,7,39
SCG0089_CGCACAATCCCTGATC-1,G2M,7,39
SCG0092_CAGCTATAGAGGAAGG-1,G2M,7,39
SCG0091_GGCTAGACATCCTAGA-1,G2M,7,39
SCG0093_CAAACATGTTGTTGCT-1,G2M,7,39
SCG0093_ATCACCCTCCTGAGTG-1,G2M,7,39
SCG0089_GGCTAGTGTACGTTTC-1,G2M,8,40
SCG0092_GACTTAGGTAATCGGC-1,G2M,8,40
SCG0088_TAAGGACCAATTGCGC-1,G2M,8,40
SCG0088_TCCGGAATCCATAAGC-1,G2M,8,40
SCG0093_GATTCATCAGTCTAGC-1,G2M,8,40
SCG0090_CATGAGGCATCCCTCA-1,G2M,8,40
SCG0093_TTGGCGGGTAATGGCC-1,G2M,8,40
SCG0088_TCAACAATCGAAGTAG-1,G2M,8,40
SCG0090_GACGTAAAGCACAGAA-1,G2M,8,40
SCG0088_TCTTAGCGTTTGGCTT-1,G2M,8,40
SCG0092_CGGCTCACATGTCAAT-1,G2M,8,40
SCG0091_CCCTTAATCTATTGTC-1,G2M,8,40
SCG0092_ATTCAACCACTAGGTC-1,G2M,8,40
SCG0089_TCCTAGTGTTAGCGTA-1,G2M,8,40
SCG0093_CGAATCTAGCTCCCTG-1,G2M,8,40
SCG0091_ATTGCGCCAACTAGGG-1,G2M,8,40
SCG0089_CATAACGGTTTCAGGA-1,G2M,8,40
SCG0092_GGATGTAAGTAGCGCC-1,G2M,8,40
SCG0090_AGGAGCTAGCCTCTCG-1,G2M,8,40
SCG0092_CCCAGTTTCACGAATC-1,G2M,8,40
SCG0093_CGTAATGGTATCTGGA-1,G2M,8,40
SCG0093_CCCTTAATCTATCGCC-1,G2M,8,40
SCG0093_TGAAGGATCATTACTC-1,G2M,8,40
SCG0088_GATTTGCAGTCAGTAC-1,G2M,8,40
SCG0089_TAGCGGCTCCCGTTTA-1,G2M,8,40
SCG0093_TATTGACCACGTTACA-1,G2M,8,40
SCG0091_CAACCCTTCCATTACT-1,G2M,8,40
SCG0091_GTTCTTAGTCCTTTAA-1,G2M,8,40
SCG0092_CTTCGCGTCACCATTT-1,G2M,8,40
SCG0091_AATAGAGGTGATGAAA-1,G2M,8,40
SCG0093_CATTCCTCATGTGGGA-1,G2M,8,40
SCG0091_TTTGACTTCCATAAGC-1,G2M,8,40
SCG0092_TGGCCATCAAAGGCCA-1,G2M,8,40
SCG0089_TGGACAAAGCACGATT-1,G2M,8,40
SCG0091_ATTAGTCCACCCTCAC-1,G2M,8,40
SCG0089_TAAGTGCTCTCCATAT-1,G2M,8,40
SCG0089_ATTCACTTCCGGTTAG-1,G2M,8,40
SCG0091_TTTCATCAGTAGGCGG-1,G2M,8,40
SCG0093_ATCCTGACAGCTAACC-1,G2M,8,40
SCG0091_GCAAACCGTCATCAAG-1,G2M,8,40
SCG0093_TTAAGGACAGGTTAAA-1,G2M,8,40
SCG0091_GATCAGGCAATTGCGC-1,G2M,8,40
SCG0092_TACCTCATCGGTTACG-1,G2M,8,40
SCG0093_GTGTCCAAGGCTGTGC-1,G2M,8,40
SCG0093_TCCGGAATCCTGGCTT-1,G2M,8,40
SCG0090_TTAACTGAGCTTCCCG-1,G2M,8,40
SCG0093_TCCCGGACACCTAATG-1,G2M,8,40
SCG0092_GTAAGCTTCGCAACAT-1,G2M,8,40
SCG0090_ACGCCTAAGGTCGATT-1,G2M,8,40
SCG0090_TACGTAATCAGTGAAG-1,G2M,8,40
SCG0088_AATGTCCAGCTCATAA-1,G2M,8,40
SCG0089_GCCGTGAGTGCCGCAA-1,G2M,8,40
SCG0093_TATTAGCCAAACCCTA-1,G2M,8,40
SCG0088_CTGGTTACAATTAGGA-1,G2M,8,40
SCG0088_AATCCCTGTTGCATCT-1,G2M,8,40
SCG0093_AGATGCTTCACCATTT-1,G2M,8,40
SCG0093_AATCCATCATAAGTCT-1,G2M,8,40
SCG0089_CAGGTTAGTTTCCGGC-1,G2M,8,40
SCG0092_TGGATTCAGCTAAAGG-1,G2M,8,40
SCG0091_ACCCAACCATATTGAC-1,G2M,8,40
SCG0088_AGTTTGATCATAAGCC-1,G2M,8,40
SCG0088_GTATTCAAGCAAACCT-1,G2M,8,40
SCG0089_AAACCGGCACAAAGGT-1,G2M,8,40
SCG0089_GGATTATGTCTTACTA-1,G2M,8,40
SCG0088_TGAGCAAAGGTCCTGA-1,G2M,8,40
SCG0093_GATTCCTGTTTACGTC-1,G2M,8,40
SCG0089_GCTAGCCAGCTGGAAA-1,G2M,8,40
SCG0093_GTCGAGGAGGGATGCG-1,G2M,8,40
SCG0091_GAAGGCCCATATTGAC-1,G2M,8,40
SCG0089_CGGATTAGTTCGCGCT-1,G2M,8,40
SCG0092_AGTGAGTCATTAAGCT-1,G2M,8,40
SCG0089_AAAGCGGGTTCGCGCT-1,G2M,8,40
SCG0092_AAGTCTATCTCGCCTG-1,G2M,8,40
SCG0089_TACCTTTAGTTATCTC-1,G2M,8,40
SCG0090_TGCATTAAGAAAGCAT-1,G2M,9,41
SCG0090_TAAGCCTAGGTGAAAT-1,G2M,9,41
SCG0088_CGCAATTAGTGTTGTA-1,G2M,9,41
SCG0088_GGTACTTAGGAGCACG-1,G2M,9,41
SCG0092_TGTTACTTCTAATCTC-1,G2M,9,41
SCG0093_GCCAATAGTGATGAGG-1,G2M,9,41
SCG0088_TATGGATGTGGATTAT-1,G2M,9,41
SCG0089_TGTTGCACAATATAGG-1,G2M,9,41
SCG0093_TTCATTCAGCTTTGTT-1,G2M,9,41
SCG0092_AGTGTTTCATAACGGG-1,G2M,9,41
SCG0089_ACTTACAAGTAAGAAC-1,G2M,9,41
SCG0089_TGTAACTCATAGCTGC-1,G2M,9,41
SCG0091_CGAAGTAAGTGACCTG-1,G2M,9,41
SCG0092_GCGAAGTAGGTGTTAC-1,G2M,9,41
SCG0088_GGTACAAAGTAAGTCC-1,G2M,9,41
SCG0093_TGTATCCGTTGCTGGG-1,G2M,9,41
SCG0091_TGGTTGAGTGAACAAA-1,G2M,9,41
SCG0093_TCATGTTTCGCTAGAT-1,G2M,9,41
SCG0089_CTGCTATGTAATCCCT-1,G2M,9,41
SCG0088_AGTAACACACTGACCG-1,G2M,9,41
SCG0091_GTCTAGCCAGCTCATA-1,G2M,9,41
SCG0092_CGAACCGGTATTGAGT-1,G2M,9,41
SCG0092_GAAAGGCTCTAAGTGC-1,G2M,9,41
SCG0088_AGCGATTTCCAGGTTG-1,G2M,9,41
SCG0093_CTTTAGGCATTAAGCT-1,G2M,9,41
SCG0091_GCTGGTTCATAATCGT-1,G2M,9,41
SCG0093_TGCTCCGTCACTTCAT-1,G2M,9,41
SCG0091_TGCTTGTGTTGTAACG-1,G2M,9,41
SCG0088_CGCCTGTGTTAGTACG-1,G2M,9,41
SCG0093_TCCTTCAAGGTGCGGA-1,G2M,9,41
SCG0091_ACTATCCGTTGTTGGA-1,G2M,9,41
SCG0089_CGGACCTAGGCTAAGA-1,G2M,9,41
SCG0088_GCTCAACCATGAATAG-1,G2M,9,41
SCG0093_ATGCAGGCACGAATTT-1,G2M,9,41
SCG0089_GTAGCTGTCAAAGGCA-1,G2M,9,41
SCG0092_CCGCTAAAGCGGATAA-1,G2M,9,41
SCG0088_CCGCAAGGTTTATTCG-1,G2M,9,41
SCG0090_AAGCTTGGTTAATGCG-1,G2M,9,41
SCG0093_GGTTCTTGTGTGCACG-1,G2M,9,41
SCG0091_GCTGAGGAGCGAGGTG-1,G2M,9,41
SCG0088_GTGCTCCGTGTTGTAG-1,G2M,9,41
SCG0089_GCTGGTTCACCTGCCT-1,G2M,9,41
SCG0091_GAAGTCAAGTAAGTCC-1,G2M,9,41
SCG0092_TTATAGCCATTATGAC-1,G2M,9,41
SCG0088_GTCATGCCACTTAACG-1,G2M,9,41
SCG0091_TGAGCACGTTAACACG-1,G2M,9,41
SCG0092_TAACCAGGTTAGAGCC-1,G2M,9,41
SCG0090_CCAGGAACAGGCTAGA-1,G2M,9,41
SCG0092_ATGCAGGCAGAGGGAG-1,G2M,9,41
SCG0093_GAGGCTTGTGGACCTG-1,G2M,9,41
SCG0088_GCAAGTCGTTAGGTGC-1,G2M,9,41
SCG0093_TGACCAAGTCGTAAAT-1,G2M,9,41
SCG0090_CACTAAGGTAATGACT-1,G2M,9,41
SCG0088_CCTGTATGTGATCATG-1,G2M,9,41
SCG0093_AAGCCTGTCTTGTCCA-1,G2M,9,41
SCG0089_ACTTACTTCCAAGTGT-1,G2M,9,41
SCG0093_GTTCGCGCAGGTTAAA-1,G2M,9,41
SCG0092_TATGACTCAGGTTCAC-1,G2M,9,41
SCG0090_TGCAGGCTCTTGCTAT-1,G2M,9,41
SCG0091_TGGTCCTTCGAGGAGT-1,G2M,9,41
SCG0091_CCCAATTGTTAGGTTG-1,G2M,9,41
SCG0089_TACGTAATCATTAGCA-1,G2M,9,41
SCG0088_GGATACTTCTTTGTAC-1,G2M,9,41
SCG0091_TGATGAACAAGATTCT-1,G2M,9,41
SCG0091_AACTTAGTCACTTCAT-1,G2M,9,41
SCG0089_AATTAGCGTAGCTGGT-1,G2M,9,41
SCG0091_GTACTGGTCGGGACCT-1,G2M,9,41
SCG0092_GGCATTGTCGGGATTT-1,G2M,9,41
SCG0091_CTCATTGTCCGGGACT-1,G2M,9,41
SCG0091_TTTCTCACATTGCGGT-1,G2M,9,41
SCG0091_GTATCGCCAAGTGTTT-1,G2M,9,41
SCG0092_CTCACAACATGCTTAG-1,G2M,9,41
SCG0089_CTTCAATTCATAGCCG-1,G2M,10,42
SCG0089_GTCTAGCCACGAATTT-1,G2M,10,42
SCG0091_CGTGACATCATGGTTA-1,G2M,10,42
SCG0089_AGCCTGGGTGGTTAGC-1,G2M,10,42
SCG0089_CTTCTCAAGTTGGGCC-1,G2M,10,42
SCG0093_TCATTGCGTCAAACTG-1,G2M,10,42
SCG0092_TTTCATCAGGGCTTTG-1,G2M,10,42
SCG0092_TGAACAACATGTTGGC-1,G2M,10,42
SCG0093_CCTATTGTCCTTGAGG-1,G2M,10,42
SCG0088_CTAATCCGTTTCAGGA-1,G2M,10,42
SCG0093_CTTTGAGCACCAACCG-1,G2M,10,42
SCG0089_AAACGTACAGACAAAC-1,G2M,10,42
SCG0091_GAGTTACTCCTTCTAG-1,G2M,10,42
SCG0093_GTCAATATCCTGGCTT-1,G2M,10,42
SCG0089_GTCTATCGTTAGAGGG-1,G2M,10,42
SCG0092_AACTCACAGTAAGGGC-1,G2M,10,42
SCG0089_GTCTTTGTCTGGTCCT-1,G2M,10,42
SCG0092_GCCATGATCAAGCCTG-1,G2M,10,42
SCG0088_AGAGAAGCAGAGGGAG-1,G2M,10,42
SCG0088_AGTCCTTGTGAAACAA-1,G2M,10,42
SCG0089_ATATGTCCATAATGTC-1,G2M,10,42
SCG0092_TCCATATTCCGGTTAG-1,G2M,10,42
SCG0093_GTTCGCTTCATTGCAA-1,G2M,10,42
SCG0091_AAACGGATCTATCGCC-1,G2M,10,42
SCG0088_CATTATCTCACGAATC-1,G2M,10,42
SCG0090_ATCAAGACACCACAAC-1,G2M,10,42
SCG0092_ATAAGTCGTTACATCC-1,G2M,10,42
SCG0089_CGCCAAATCTGGTCCT-1,G2M,10,42
SCG0091_AATCGCCCAGCAAGGC-1,G2M,10,42
SCG0090_TATCACAAGGCATTGT-1,G2M,10,42
SCG0092_TATTGACCACGTAAGG-1,G2M,10,42
SCG0091_AGCGCCTAGGGATGCG-1,G2M,10,42
SCG0092_GGTTAGCGTTCCAGGG-1,G2M,10,42
SCG0093_GTTGGAGCATTGCGGT-1,G2M,10,42
SCG0088_GGGAATATCTTAGGGT-1,G2M,10,42
SCG0092_CTCGACAAGCTGGCTA-1,G2M,10,42
SCG0088_TTAATCGAGACAGGTA-1,G2M,10,42
SCG0093_TTGTTGCGTTAGGACC-1,G2M,10,42
SCG0092_TCAGTGAGTGGGTGAA-1,G2M,10,42
SCG0090_TGATGATGTTCGGTAA-1,G2M,10,42
SCG0092_ACCGGCTAGGCCTAAT-1,G2M,11,43
SCG0092_AATATCCCAAATTGCT-1,G2M,11,43
SCG0093_CTTCGCGTCTAAATCG-1,G2M,11,43
SCG0091_CTTCAGGAGTAAGTCC-1,G2M,11,43
SCG0089_GATCAGTTCGGTAACT-1,G2M,11,43
SCG0090_TTACGTTTCGCAACAT-1,G2M,11,43
SCG0088_CTCGTTATCCAACTGG-1,G2M,11,43
SCG0089_ATTGCAGGTGATGAAA-1,G2M,11,43
SCG0088_GGTTCTTGTCATTGTC-1,G2M,11,43
SCG0092_AATCCCTGTGCGCATG-1,G2M,11,43
SCG0092_GGCCGTTAGGCATGTT-1,G2M,11,43
SCG0091_TCTACCTCAGGCTTGT-1,G2M,11,43
SCG0090_CGGACCTAGTTGTCCC-1,G2M,11,43
SCG0091_GCCTGTGCAAACCTAT-1,G2M,11,43
SCG0091_TGTAAGCTCCAATTAG-1,G2M,11,43
SCG0092_GGCTGTCAGCTAATTG-1,G2M,11,43
SCG0089_GGAACTAAGTTAGCTA-1,G2M,11,43
SCG0091_CCTGTTGGTGTGTCCC-1,G2M,11,43
SCG0093_TTGTCCATCTTGATGA-1,G2M,11,43
SCG0093_GGAGCAAGTTGGTTCT-1,G2M,11,43
SCG0093_AGGATTGAGAAAGCAT-1,G2M,11,43
SCG0090_TCCTGTTCACGAATTT-1,G2M,11,43
SCG0092_CCAAACCCAGCATGGA-1,G2M,11,43
SCG0088_CAAACCGTCGATTTAG-1,G2M,11,43
SCG0088_GGTCATTAGATGGAGC-1,G2M,11,43
SCG0088_CTCAATAAGGTCCAAT-1,G2M,11,43
SCG0093_CTTATTGGTGCGCATG-1,G2M,11,43
SCG0089_CGCTTGCGTCCAAGAC-1,G2M,11,43
SCG0089_GATGAGGGTGGTTCTT-1,G2M,11,43
SCG0090_GGCCTTAAGTGAAGTG-1,G2M,11,43
SCG0093_GGCCTTAAGAGGGACT-1,G2M,11,43
SCG0089_AAACATGCATCGTTCT-1,G2M,11,43
SCG0093_AATCAGGAGAGGATAT-1,G2M,11,43
SCG0093_GTCCAGGGTCAGGCAT-1,G2M,11,43
SCG0090_GAGCATGCAAACGCGA-1,G2M,11,43
SCG0092_GCTAGCCAGTTTCCGC-1,G2M,11,43
SCG0092_TAGGGTTTCGCCTAAG-1,G2M,11,43
SCG0088_AGTTGCAGTTAGCGTA-1,G2M,11,43
